frqFct ,frqMhz, VCCINT ,exe time ,intPower ,pintPower ,auxPower ,pauxPower ,1v5Power
12, 83.333333, 1.000000, 4.932400, 0.775366, 0.322833, 0.053920, 0.128439, 0.588383, 
13, 76.923077, 1.000000, 5.335800, 0.717210, 0.324229, 0.052050, 0.128125, 0.584393, 
14, 71.428571, 1.000000, 5.744200, 0.681224, 0.325311, 0.051704, 0.130247, 0.586327, 
15, 66.666667, 1.000000, 6.156100, 0.629105, 0.323615, 0.053856, 0.133425, 0.583380, 
16, 62.500000, 1.000000, 6.564100, 0.595968, 0.325705, 0.051270, 0.132725, 0.582419, 
17, 58.823529, 1.000000, 6.972800, 0.562814, 0.323518, 0.053222, 0.130674, 0.579387, 
18, 55.555556, 1.000000, 7.380200, 0.538430, 0.326726, 0.054458, 0.128702, 0.578328, 
19, 52.631579, 1.000000, 7.783900, 0.473172, 0.322812, 0.054202, 0.129572, 0.585132, 
20, 50.000000, 1.000000, 8.191600, 0.490402, 0.322236, 0.055936, 0.134901, 0.577283, 
21, 47.619048, 1.000000, 8.604700, 0.466719, 0.323459, 0.054423, 0.129618, 0.577744, 
22, 45.454545, 1.000000, 9.007900, 0.455338, 0.325344, 0.052545, 0.129466, 0.575973, 
23, 43.478261, 1.000000, 9.421100, 0.432593, 0.320491, 0.052680, 0.130438, 0.574294, 
24, 41.666667, 1.000000, 9.829700, 0.418940, 0.320442, 0.051117, 0.129717, 0.576213, 
25, 40.000000, 1.000000, 10.237900, 0.409197, 0.325963, 0.053986, 0.130060, 0.573691, 
26, 38.461538, 1.000000, 10.640400, 0.393754, 0.320786, 0.055010, 0.133422, 0.573184, 
27, 37.037037, 1.000000, 11.048200, 0.384037, 0.323259, 0.052914, 0.132925, 0.571268, 
28, 35.714286, 1.000000, 11.456000, 0.375954, 0.319424, 0.052619, 0.132322, 0.572803, 
29, 34.482759, 1.000000, 11.863800, 0.356221, 0.320283, 0.054146, 0.130292, 0.573106, 
30, 33.333333, 1.000000, 12.276500, 0.347298, 0.319269, 0.054381, 0.134279, 0.573989, 
31, 32.258065, 1.000000, 12.684800, 0.335979, 0.320054, 0.055132, 0.132604, 0.571352, 
32, 31.250000, 1.000000, 13.093000, 0.330432, 0.320675, 0.050901, 0.133140, 0.568078, 
33, 30.303030, 1.000000, 13.497200, 0.323364, 0.319549, 0.053172, 0.129446, 0.572199, 
34, 29.411765, 1.000000, 13.903800, 0.312705, 0.319015, 0.051872, 0.136429, 0.570956, 
35, 28.571429, 1.000000, 14.317400, 0.305095, 0.318500, 0.050891, 0.132779, 0.568978, 
36, 27.777778, 1.000000, 14.725400, 0.294792, 0.321217, 0.053383, 0.131062, 0.569757, 
37, 27.027027, 1.000000, 15.128300, 0.288206, 0.319821, 0.049716, 0.130362, 0.571559, 
38, 26.315789, 1.000000, 15.536600, 0.278476, 0.319843, 0.050921, 0.135626, 0.571753, 
39, 25.641026, 1.000000, 15.949100, 0.277415, 0.318459, 0.051533, 0.131472, 0.570629, 
40, 25.000000, 1.000000, 16.353800, 0.271647, 0.318409, 0.051251, 0.128497, 0.570122, 
41, 24.390244, 1.000000, 16.761000, 0.268917, 0.321533, 0.055709, 0.131147, 0.569583, 
42, 23.809524, 1.000000, 17.168200, 0.266898, 0.316531, 0.051579, 0.132110, 0.573094, 
43, 23.255814, 1.000000, 17.575500, 0.258292, 0.317004, 0.051254, 0.127952, 0.568508, 
44, 22.727273, 1.000000, 17.990100, 0.252926, 0.324611, 0.051263, 0.129624, 0.568809, 
45, 22.222222, 1.000000, 18.397300, 0.252390, 0.319638, 0.052837, 0.132918, 0.569035, 
46, 21.739130, 1.000000, 18.805700, 0.245562, 0.320235, 0.055990, 0.134132, 0.568655, 
47, 21.276596, 1.000000, 19.214000, 0.239272, 0.318894, 0.050484, 0.132591, 0.569264, 
48, 20.833333, 1.000000, 19.621400, 0.235630, 0.317660, 0.051226, 0.131588, 0.568587, 
49, 20.408163, 1.000000, 20.024100, 0.231050, 0.317464, 0.054182, 0.128019, 0.568282, 
13, 76.923077, 0.990000, 5.335800, 0.698789, 0.323992, 0.053283, 0.133640, 0.585237, 
14, 71.428571, 0.990000, 5.747300, 0.674791, 0.325772, 0.051416, 0.128753, 0.584204, 
15, 66.666667, 0.990000, 6.156500, 0.614227, 0.325906, 0.053568, 0.129645, 0.582541, 
16, 62.500000, 0.990000, 6.564500, 0.584898, 0.325718, 0.050876, 0.131954, 0.582420, 
17, 58.823529, 0.990000, 6.972300, 0.553325, 0.323656, 0.053605, 0.127026, 0.580032, 
18, 55.555556, 0.990000, 7.380100, 0.527821, 0.325881, 0.050885, 0.132159, 0.578651, 
19, 52.631579, 0.990000, 7.784400, 0.488557, 0.322366, 0.054611, 0.130512, 0.579452, 
20, 50.000000, 0.990000, 8.196900, 0.480186, 0.322429, 0.052173, 0.132954, 0.578448, 
21, 47.619048, 0.990000, 8.600100, 0.458453, 0.323132, 0.050273, 0.134370, 0.577538, 
22, 45.454545, 0.990000, 9.012600, 0.444921, 0.322828, 0.052860, 0.130494, 0.577689, 
23, 43.478261, 0.990000, 9.420500, 0.423790, 0.321248, 0.053505, 0.132911, 0.574212, 
24, 41.666667, 0.990000, 9.828800, 0.408437, 0.320549, 0.052277, 0.128121, 0.575086, 
25, 40.000000, 0.990000, 10.236800, 0.396593, 0.322421, 0.053579, 0.130244, 0.578859, 
26, 38.461538, 0.990000, 10.643900, 0.388716, 0.321780, 0.052905, 0.131358, 0.576355, 
27, 37.037037, 0.990000, 11.047700, 0.375031, 0.319357, 0.047941, 0.128159, 0.572384, 
28, 35.714286, 0.990000, 11.456100, 0.360676, 0.319938, 0.049988, 0.133372, 0.571595, 
29, 34.482759, 0.990000, 11.868600, 0.344386, 0.321643, 0.052887, 0.134209, 0.572732, 
30, 33.333333, 0.990000, 12.276500, 0.343209, 0.321948, 0.054047, 0.130596, 0.571170, 
31, 32.258065, 0.990000, 12.680700, 0.331338, 0.318468, 0.051704, 0.136185, 0.574715, 
32, 31.250000, 0.990000, 13.092900, 0.325732, 0.321227, 0.052716, 0.131430, 0.572371, 
33, 30.303030, 0.990000, 13.500700, 0.315577, 0.319469, 0.051489, 0.133720, 0.573561, 
34, 29.411765, 0.990000, 13.903700, 0.307623, 0.321234, 0.054394, 0.131479, 0.572232, 
35, 28.571429, 0.990000, 14.319100, 0.298686, 0.317656, 0.050272, 0.133622, 0.568005, 
36, 27.777778, 0.990000, 14.725400, 0.284991, 0.317791, 0.052224, 0.127485, 0.569366, 
37, 27.027027, 0.990000, 15.133300, 0.281811, 0.323117, 0.051740, 0.132619, 0.569976, 
38, 26.315789, 0.990000, 15.536400, 0.280520, 0.317341, 0.052960, 0.134575, 0.571435, 
39, 25.641026, 0.990000, 15.948800, 0.274350, 0.316152, 0.050249, 0.129461, 0.571002, 
40, 25.000000, 0.990000, 16.352600, 0.270097, 0.320856, 0.049650, 0.132120, 0.569815, 
41, 24.390244, 0.990000, 16.761000, 0.263137, 0.318159, 0.054363, 0.132999, 0.566928, 
42, 23.809524, 0.990000, 17.168400, 0.261118, 0.318009, 0.055344, 0.134537, 0.570060, 
43, 23.255814, 0.990000, 17.576000, 0.256324, 0.317734, 0.051205, 0.130773, 0.571145, 
44, 22.727273, 0.990000, 17.984500, 0.248745, 0.320036, 0.050659, 0.131863, 0.569570, 
45, 22.222222, 0.990000, 18.392900, 0.245530, 0.320236, 0.053333, 0.129475, 0.569663, 
46, 21.739130, 0.990000, 18.804800, 0.240230, 0.317918, 0.053605, 0.134516, 0.571169, 
47, 21.276596, 0.990000, 19.213900, 0.231320, 0.319418, 0.052205, 0.129728, 0.571256, 
48, 20.833333, 0.990000, 19.616000, 0.232249, 0.317108, 0.050810, 0.133107, 0.569570, 
49, 20.408163, 0.990000, 20.024000, 0.225831, 0.317845, 0.052073, 0.130690, 0.568429, 
13, 76.923077, 0.980000, 5.340000, 0.689186, 0.327176, 0.051153, 0.135108, 0.585463, 
14, 71.428571, 0.980000, 5.747900, 0.637530, 0.325200, 0.053585, 0.135366, 0.585295, 
15, 66.666667, 0.980000, 6.152100, 0.606107, 0.323569, 0.054479, 0.131553, 0.583126, 
16, 62.500000, 0.980000, 6.565600, 0.571653, 0.323355, 0.054850, 0.129950, 0.583434, 
17, 58.823529, 0.980000, 6.971600, 0.542427, 0.326899, 0.052414, 0.130523, 0.581456, 
18, 55.555556, 0.980000, 7.376000, 0.516949, 0.322744, 0.056263, 0.133293, 0.575360, 
19, 52.631579, 0.980000, 7.789500, 0.480770, 0.322151, 0.053546, 0.132567, 0.579247, 
20, 50.000000, 0.980000, 8.192700, 0.463604, 0.327367, 0.049632, 0.133246, 0.579017, 
21, 47.619048, 0.980000, 8.599800, 0.451969, 0.325288, 0.056751, 0.134294, 0.575807, 
22, 45.454545, 0.980000, 9.013700, 0.431092, 0.325556, 0.052761, 0.131943, 0.576762, 
23, 43.478261, 0.980000, 9.420400, 0.411134, 0.321075, 0.047327, 0.131842, 0.572839, 
24, 41.666667, 0.980000, 9.828700, 0.398836, 0.320397, 0.052167, 0.133389, 0.576499, 
25, 40.000000, 0.980000, 10.232000, 0.386370, 0.320159, 0.052299, 0.133205, 0.576240, 
26, 38.461538, 0.980000, 10.645900, 0.376714, 0.319156, 0.055555, 0.128972, 0.572756, 
27, 37.037037, 0.980000, 11.047900, 0.358592, 0.323602, 0.053795, 0.133141, 0.571157, 
28, 35.714286, 0.980000, 11.460500, 0.346652, 0.323593, 0.051587, 0.132463, 0.577705, 
29, 34.482759, 0.980000, 11.863900, 0.340827, 0.316724, 0.051769, 0.130779, 0.572534, 
30, 33.333333, 0.980000, 12.277300, 0.328664, 0.320784, 0.051609, 0.131821, 0.571479, 
31, 32.258065, 0.980000, 12.685000, 0.324574, 0.323906, 0.050491, 0.133078, 0.569235, 
32, 31.250000, 0.980000, 13.088300, 0.313129, 0.319648, 0.052821, 0.130929, 0.572142, 
33, 30.303030, 0.980000, 13.496200, 0.305442, 0.320924, 0.053629, 0.131683, 0.572025, 
34, 29.411765, 0.980000, 13.904100, 0.299319, 0.319506, 0.051395, 0.127009, 0.571566, 
35, 28.571429, 0.980000, 14.311600, 0.289445, 0.320111, 0.053722, 0.133681, 0.571598, 
36, 27.777778, 0.980000, 14.725800, 0.279600, 0.316947, 0.054752, 0.128579, 0.568878, 
37, 27.027027, 0.980000, 15.127700, 0.278465, 0.321593, 0.050889, 0.128410, 0.572477, 
38, 26.315789, 0.980000, 15.537300, 0.265488, 0.320672, 0.050309, 0.130607, 0.571950, 
39, 25.641026, 0.980000, 15.944100, 0.266125, 0.318456, 0.050726, 0.132998, 0.570441, 
40, 25.000000, 0.980000, 16.351300, 0.262025, 0.316570, 0.051650, 0.134366, 0.572133, 
41, 24.390244, 0.980000, 16.759800, 0.256332, 0.315351, 0.051392, 0.133278, 0.571248, 
42, 23.809524, 0.980000, 17.173100, 0.249480, 0.318078, 0.053431, 0.131171, 0.569406, 
43, 23.255814, 0.980000, 17.582700, 0.246407, 0.318675, 0.054631, 0.135264, 0.571351, 
44, 22.727273, 0.980000, 17.983900, 0.241098, 0.318505, 0.051618, 0.131574, 0.569774, 
45, 22.222222, 0.980000, 18.398100, 0.237958, 0.320630, 0.050845, 0.130444, 0.568481, 
46, 21.739130, 0.980000, 18.805400, 0.231331, 0.316830, 0.052097, 0.133256, 0.570498, 
47, 21.276596, 0.980000, 19.213700, 0.227980, 0.318708, 0.050974, 0.136434, 0.570400, 
48, 20.833333, 0.980000, 19.617100, 0.223549, 0.317470, 0.048538, 0.132643, 0.569552, 
49, 20.408163, 0.980000, 20.028800, 0.220423, 0.318736, 0.054540, 0.129439, 0.567431, 
13, 76.923077, 0.970000, 5.339200, 0.656963, 0.323823, 0.050875, 0.132157, 0.587227, 
14, 71.428571, 0.970000, 5.743500, 0.622022, 0.324778, 0.052835, 0.132257, 0.584729, 
15, 66.666667, 0.970000, 6.151800, 0.603628, 0.323082, 0.052488, 0.130736, 0.580225, 
16, 62.500000, 0.970000, 6.563900, 0.556885, 0.325384, 0.052546, 0.129701, 0.584233, 
17, 58.823529, 0.970000, 6.972500, 0.528707, 0.325620, 0.053798, 0.132942, 0.577709, 
18, 55.555556, 0.970000, 7.380000, 0.503021, 0.321628, 0.049716, 0.127117, 0.580191, 
19, 52.631579, 0.970000, 7.784200, 0.454847, 0.323262, 0.047943, 0.133835, 0.577413, 
20, 50.000000, 0.970000, 8.192100, 0.454657, 0.323702, 0.052960, 0.131785, 0.578914, 
21, 47.619048, 0.970000, 8.604300, 0.437358, 0.322772, 0.051715, 0.134578, 0.574851, 
22, 45.454545, 0.970000, 9.007700, 0.421816, 0.321849, 0.052101, 0.128646, 0.574781, 
23, 43.478261, 0.970000, 9.416400, 0.400138, 0.323334, 0.050023, 0.134321, 0.575466, 
24, 41.666667, 0.970000, 9.824100, 0.395274, 0.318886, 0.055283, 0.134102, 0.572744, 
25, 40.000000, 0.970000, 10.233200, 0.382348, 0.322773, 0.049784, 0.132363, 0.573879, 
26, 38.461538, 0.970000, 10.645000, 0.366549, 0.322581, 0.049342, 0.130848, 0.576378, 
27, 37.037037, 0.970000, 11.048700, 0.355110, 0.318372, 0.050227, 0.131396, 0.573901, 
28, 35.714286, 0.970000, 11.455700, 0.341291, 0.317144, 0.051230, 0.131366, 0.574474, 
29, 34.482759, 0.970000, 11.864300, 0.333024, 0.322814, 0.052431, 0.134636, 0.571907, 
30, 33.333333, 0.970000, 12.277200, 0.322661, 0.320383, 0.048978, 0.133718, 0.570073, 
31, 32.258065, 0.970000, 12.679600, 0.316984, 0.318886, 0.051630, 0.129548, 0.571319, 
32, 31.250000, 0.970000, 13.088000, 0.308455, 0.321980, 0.055235, 0.133597, 0.570986, 
33, 30.303030, 0.970000, 13.500900, 0.297183, 0.318860, 0.053195, 0.125606, 0.571332, 
34, 29.411765, 0.970000, 13.903700, 0.289531, 0.317534, 0.050605, 0.135029, 0.569316, 
35, 28.571429, 0.970000, 14.316400, 0.282331, 0.318800, 0.052973, 0.135641, 0.568130, 
36, 27.777778, 0.970000, 14.725900, 0.276111, 0.322304, 0.050796, 0.132561, 0.569538, 
37, 27.027027, 0.970000, 15.128700, 0.268352, 0.316420, 0.054678, 0.134166, 0.571806, 
38, 26.315789, 0.970000, 15.541200, 0.264004, 0.317166, 0.049705, 0.132858, 0.570199, 
39, 25.641026, 0.970000, 15.949000, 0.261848, 0.315979, 0.050202, 0.132633, 0.568613, 
40, 25.000000, 0.970000, 16.357500, 0.258288, 0.317723, 0.051902, 0.134311, 0.571434, 
41, 24.390244, 0.970000, 16.764800, 0.249970, 0.318854, 0.051503, 0.128361, 0.570093, 
42, 23.809524, 0.970000, 17.168300, 0.248034, 0.318642, 0.050827, 0.131739, 0.571206, 
43, 23.255814, 0.970000, 17.578600, 0.241046, 0.317600, 0.050218, 0.131773, 0.569220, 
44, 22.727273, 0.970000, 17.984800, 0.234264, 0.315285, 0.050021, 0.130509, 0.571001, 
45, 22.222222, 0.970000, 18.392900, 0.229455, 0.319595, 0.051215, 0.129257, 0.570625, 
46, 21.739130, 0.970000, 18.801800, 0.226852, 0.320307, 0.048592, 0.132111, 0.568487, 
47, 21.276596, 0.970000, 19.214300, 0.222136, 0.315494, 0.053650, 0.133472, 0.570934, 
48, 20.833333, 0.970000, 19.620800, 0.217415, 0.313880, 0.049972, 0.132172, 0.569312, 
49, 20.408163, 0.970000, 20.029600, 0.213190, 0.317440, 0.052133, 0.131896, 0.566945, 
13, 76.923077, 0.960000, 5.335700, 0.642820, 0.324948, 0.055343, 0.135231, 0.586076, 
14, 71.428571, 0.960000, 5.748000, 0.609380, 0.325512, 0.050322, 0.133961, 0.581231, 
15, 66.666667, 0.960000, 6.151700, 0.573186, 0.323265, 0.051351, 0.131157, 0.585233, 
16, 62.500000, 0.960000, 6.564000, 0.542925, 0.322636, 0.051720, 0.133863, 0.580596, 
17, 58.823529, 0.960000, 6.971900, 0.517612, 0.323343, 0.050496, 0.131655, 0.580083, 
18, 55.555556, 0.960000, 7.376600, 0.492014, 0.323275, 0.053425, 0.129453, 0.579057, 
19, 52.631579, 0.960000, 7.784000, 0.445027, 0.323667, 0.054371, 0.134561, 0.581625, 
20, 50.000000, 0.960000, 8.192300, 0.447681, 0.324510, 0.052285, 0.129956, 0.575093, 
21, 47.619048, 0.960000, 8.605400, 0.429488, 0.323587, 0.053275, 0.130204, 0.575717, 
22, 45.454545, 0.960000, 9.008200, 0.407102, 0.324776, 0.050540, 0.127868, 0.572908, 
23, 43.478261, 0.960000, 9.416500, 0.393114, 0.319815, 0.052489, 0.132166, 0.576861, 
24, 41.666667, 0.960000, 9.829200, 0.380285, 0.320414, 0.051027, 0.131334, 0.574754, 
25, 40.000000, 0.960000, 10.236500, 0.371380, 0.321422, 0.055837, 0.133873, 0.574578, 
26, 38.461538, 0.960000, 10.640000, 0.354030, 0.320496, 0.053065, 0.134413, 0.572956, 
27, 37.037037, 0.960000, 11.052500, 0.346616, 0.322809, 0.053491, 0.131641, 0.573015, 
28, 35.714286, 0.960000, 11.460700, 0.336064, 0.323467, 0.050312, 0.128203, 0.568656, 
29, 34.482759, 0.960000, 11.864500, 0.322698, 0.320866, 0.052397, 0.131808, 0.571270, 
30, 33.333333, 0.960000, 12.272300, 0.316900, 0.320438, 0.051283, 0.134521, 0.573624, 
31, 32.258065, 0.960000, 12.679200, 0.307979, 0.320395, 0.052234, 0.131355, 0.570464, 
32, 31.250000, 0.960000, 13.088100, 0.298104, 0.322882, 0.050653, 0.125957, 0.572548, 
33, 30.303030, 0.960000, 13.495300, 0.291190, 0.318095, 0.053818, 0.135152, 0.568612, 
34, 29.411765, 0.960000, 13.909200, 0.281810, 0.320929, 0.051033, 0.127468, 0.569782, 
35, 28.571429, 0.960000, 14.312200, 0.275971, 0.317131, 0.049205, 0.131091, 0.571209, 
36, 27.777778, 0.960000, 14.720400, 0.266746, 0.318164, 0.048643, 0.129333, 0.569789, 
37, 27.027027, 0.960000, 15.128400, 0.266395, 0.320415, 0.050573, 0.126994, 0.570280, 
38, 26.315789, 0.960000, 15.536800, 0.259353, 0.319121, 0.052463, 0.134233, 0.570831, 
39, 25.641026, 0.960000, 15.949100, 0.257942, 0.317312, 0.048909, 0.134268, 0.569847, 
40, 25.000000, 0.960000, 16.357400, 0.251004, 0.319275, 0.046759, 0.134857, 0.568976, 
41, 24.390244, 0.960000, 16.764800, 0.247089, 0.318653, 0.050466, 0.135186, 0.572436, 
42, 23.809524, 0.960000, 17.172800, 0.239784, 0.319197, 0.051134, 0.127817, 0.567574, 
43, 23.255814, 0.960000, 17.576400, 0.231593, 0.314040, 0.052956, 0.131666, 0.569764, 
44, 22.727273, 0.960000, 17.989500, 0.228411, 0.318358, 0.049620, 0.129807, 0.570752, 
45, 22.222222, 0.960000, 18.392800, 0.224609, 0.318677, 0.053708, 0.128953, 0.568743, 
46, 21.739130, 0.960000, 18.800100, 0.218789, 0.317858, 0.051195, 0.128404, 0.567313, 
47, 21.276596, 0.960000, 19.212800, 0.217134, 0.319552, 0.051379, 0.132041, 0.571236, 
48, 20.833333, 0.960000, 19.616300, 0.212621, 0.319331, 0.053593, 0.131377, 0.569282, 
49, 20.408163, 0.960000, 20.023600, 0.209748, 0.319603, 0.052778, 0.130102, 0.570825, 
14, 71.428571, 0.950000, 5.744000, 0.581788, 0.323046, 0.050981, 0.130256, 0.585490, 
15, 66.666667, 0.950000, 6.155800, 0.561082, 0.321163, 0.054466, 0.132313, 0.586056, 
16, 62.500000, 0.950000, 6.559700, 0.537404, 0.323574, 0.052169, 0.130597, 0.580832, 
17, 58.823529, 0.950000, 6.968100, 0.503946, 0.324949, 0.052629, 0.133697, 0.583110, 
18, 55.555556, 0.950000, 7.375700, 0.481505, 0.325748, 0.053399, 0.133161, 0.578866, 
19, 52.631579, 0.950000, 7.784300, 0.459320, 0.319107, 0.051094, 0.130945, 0.575956, 
20, 50.000000, 0.950000, 8.196500, 0.442147, 0.324759, 0.055671, 0.129481, 0.577458, 
21, 47.619048, 0.950000, 8.604500, 0.421877, 0.321918, 0.050860, 0.131824, 0.576369, 
22, 45.454545, 0.950000, 9.007900, 0.401702, 0.323112, 0.054533, 0.133203, 0.574782, 
23, 43.478261, 0.950000, 9.421600, 0.385569, 0.323290, 0.052454, 0.129041, 0.575567, 
24, 41.666667, 0.950000, 9.829200, 0.374539, 0.326338, 0.054217, 0.129811, 0.573203, 
25, 40.000000, 0.950000, 10.231600, 0.363641, 0.318825, 0.053462, 0.131431, 0.573443, 
26, 38.461538, 0.950000, 10.643900, 0.352297, 0.319913, 0.054216, 0.131911, 0.573688, 
27, 37.037037, 0.950000, 11.047900, 0.333755, 0.319041, 0.052367, 0.126559, 0.571860, 
28, 35.714286, 0.950000, 11.461100, 0.324945, 0.318962, 0.049907, 0.126528, 0.574981, 
29, 34.482759, 0.950000, 11.869300, 0.319991, 0.321910, 0.047871, 0.125462, 0.571129, 
30, 33.333333, 0.950000, 12.272200, 0.306671, 0.319879, 0.049880, 0.130376, 0.573234, 
31, 32.258065, 0.950000, 12.685800, 0.304116, 0.321443, 0.048639, 0.128460, 0.567172, 
32, 31.250000, 0.950000, 13.087400, 0.292816, 0.320412, 0.050794, 0.133684, 0.573061, 
33, 30.303030, 0.950000, 13.495700, 0.282808, 0.320497, 0.051860, 0.134093, 0.574734, 
34, 29.411765, 0.950000, 13.911800, 0.272718, 0.319522, 0.049721, 0.129243, 0.571933, 
35, 28.571429, 0.950000, 14.317400, 0.268396, 0.318871, 0.050769, 0.132619, 0.572546, 
36, 27.777778, 0.950000, 14.719900, 0.263767, 0.317468, 0.045484, 0.130097, 0.568995, 
37, 27.027027, 0.950000, 15.133200, 0.257068, 0.318191, 0.049186, 0.133796, 0.571470, 
38, 26.315789, 0.950000, 15.541200, 0.255951, 0.321382, 0.048249, 0.132690, 0.567980, 
39, 25.641026, 0.950000, 15.950100, 0.249629, 0.316274, 0.051220, 0.131485, 0.565858, 
40, 25.000000, 0.950000, 16.357600, 0.245596, 0.321825, 0.055454, 0.133085, 0.570119, 
41, 24.390244, 0.950000, 16.760200, 0.239126, 0.318626, 0.053769, 0.131056, 0.569559, 
42, 23.809524, 0.950000, 17.173200, 0.231770, 0.319248, 0.050098, 0.132314, 0.571228, 
43, 23.255814, 0.950000, 17.575900, 0.228555, 0.317188, 0.048889, 0.134584, 0.569359, 
44, 22.727273, 0.950000, 17.992300, 0.225131, 0.316566, 0.048083, 0.132850, 0.573598, 
45, 22.222222, 0.950000, 18.392900, 0.220477, 0.316512, 0.053647, 0.129299, 0.570039, 
46, 21.739130, 0.950000, 18.800600, 0.216702, 0.318782, 0.053159, 0.131907, 0.568821, 
47, 21.276596, 0.950000, 19.207700, 0.213795, 0.317799, 0.052696, 0.128723, 0.568637, 
48, 20.833333, 0.950000, 19.621700, 0.209124, 0.318451, 0.053644, 0.127682, 0.568908, 
49, 20.408163, 0.950000, 20.029600, 0.205874, 0.319349, 0.051790, 0.132033, 0.569755, 
14, 71.428571, 0.940000, 5.747800, 0.579876, 0.327135, 0.053952, 0.129108, 0.581562, 
15, 66.666667, 0.940000, 6.155700, 0.556272, 0.323692, 0.051767, 0.127646, 0.582483, 
16, 62.500000, 0.940000, 6.563700, 0.519325, 0.326072, 0.049896, 0.127799, 0.582208, 
17, 58.823529, 0.940000, 6.969100, 0.498244, 0.322966, 0.052300, 0.129114, 0.580673, 
18, 55.555556, 0.940000, 7.376400, 0.468794, 0.318898, 0.050206, 0.128902, 0.579943, 
19, 52.631579, 0.940000, 7.788300, 0.443903, 0.325033, 0.054378, 0.134038, 0.578134, 
20, 50.000000, 0.940000, 8.191200, 0.428391, 0.325362, 0.049912, 0.132490, 0.575153, 
21, 47.619048, 0.940000, 8.603700, 0.410685, 0.323231, 0.053923, 0.132128, 0.576585, 
22, 45.454545, 0.940000, 9.013000, 0.393542, 0.321968, 0.047404, 0.133098, 0.576790, 
23, 43.478261, 0.940000, 9.416800, 0.377604, 0.319709, 0.048663, 0.129655, 0.573467, 
24, 41.666667, 0.940000, 9.824100, 0.371300, 0.318641, 0.050859, 0.129162, 0.576346, 
25, 40.000000, 0.940000, 10.232300, 0.356465, 0.317353, 0.048420, 0.132232, 0.574251, 
26, 38.461538, 0.940000, 10.640200, 0.341534, 0.323203, 0.049067, 0.133181, 0.572301, 
27, 37.037037, 0.940000, 11.048100, 0.329558, 0.320740, 0.050587, 0.132036, 0.572325, 
28, 35.714286, 0.940000, 11.462500, 0.328656, 0.319881, 0.051689, 0.132199, 0.571019, 
29, 34.482759, 0.940000, 11.869000, 0.311928, 0.319345, 0.053315, 0.129865, 0.573201, 
30, 33.333333, 0.940000, 12.276300, 0.301351, 0.321353, 0.049410, 0.133080, 0.570728, 
31, 32.258065, 0.940000, 12.680300, 0.292981, 0.318958, 0.050572, 0.127781, 0.570084, 
32, 31.250000, 0.940000, 13.088600, 0.289428, 0.321393, 0.047925, 0.128833, 0.573433, 
33, 30.303030, 0.940000, 13.500600, 0.274405, 0.317792, 0.052662, 0.130981, 0.570801, 
34, 29.411765, 0.940000, 13.904400, 0.269294, 0.318714, 0.051140, 0.129452, 0.569471, 
35, 28.571429, 0.940000, 14.317400, 0.264749, 0.320377, 0.052674, 0.129996, 0.568663, 
36, 27.777778, 0.940000, 14.725600, 0.256320, 0.321743, 0.052637, 0.129285, 0.571119, 
37, 27.027027, 0.940000, 15.133800, 0.250129, 0.318248, 0.049778, 0.129182, 0.570477, 
38, 26.315789, 0.940000, 15.535700, 0.251183, 0.319599, 0.049643, 0.130073, 0.567886, 
39, 25.641026, 0.940000, 15.944100, 0.243129, 0.320580, 0.053130, 0.130945, 0.570423, 
40, 25.000000, 0.940000, 16.353600, 0.239935, 0.320597, 0.051782, 0.133519, 0.572619, 
41, 24.390244, 0.940000, 16.765400, 0.232561, 0.316897, 0.054958, 0.130228, 0.569717, 
42, 23.809524, 0.940000, 17.168000, 0.225940, 0.315713, 0.052129, 0.130127, 0.568619, 
43, 23.255814, 0.940000, 17.576000, 0.221474, 0.316151, 0.048708, 0.128285, 0.568495, 
44, 22.727273, 0.940000, 17.989000, 0.217107, 0.319851, 0.047323, 0.137414, 0.571016, 
45, 22.222222, 0.940000, 18.398200, 0.212269, 0.318775, 0.051558, 0.129190, 0.569954, 
46, 21.739130, 0.940000, 18.805800, 0.209156, 0.319002, 0.048274, 0.132846, 0.570801, 
47, 21.276596, 0.940000, 19.213600, 0.206430, 0.317835, 0.051661, 0.134312, 0.569406, 
48, 20.833333, 0.940000, 19.615700, 0.201083, 0.316545, 0.053169, 0.134892, 0.569871, 
49, 20.408163, 0.940000, 20.029200, 0.201256, 0.319366, 0.049762, 0.128131, 0.570823, 
14, 71.428571, 0.930000, 5.748000, 0.586092, 0.322673, 0.050103, 0.136128, 0.584153, 
15, 66.666667, 0.930000, 6.152000, 0.542789, 0.320891, 0.049674, 0.132900, 0.584142, 
16, 62.500000, 0.930000, 6.564900, 0.508396, 0.323819, 0.050575, 0.128552, 0.580129, 
17, 58.823529, 0.930000, 6.973000, 0.483242, 0.324933, 0.052691, 0.134487, 0.578650, 
18, 55.555556, 0.930000, 7.376400, 0.459415, 0.322681, 0.054834, 0.130515, 0.580103, 
19, 52.631579, 0.930000, 7.784000, 0.436474, 0.322341, 0.055175, 0.131342, 0.578779, 
20, 50.000000, 0.930000, 8.196200, 0.426282, 0.320831, 0.048270, 0.127950, 0.575972, 
21, 47.619048, 0.930000, 8.605700, 0.398926, 0.320311, 0.052391, 0.137873, 0.577300, 
22, 45.454545, 0.930000, 9.008600, 0.383626, 0.325119, 0.054262, 0.133501, 0.576774, 
23, 43.478261, 0.930000, 9.415800, 0.372223, 0.319249, 0.049699, 0.130450, 0.576519, 
24, 41.666667, 0.930000, 9.823700, 0.356805, 0.322878, 0.049962, 0.129273, 0.575977, 
25, 40.000000, 0.930000, 10.232700, 0.348675, 0.319039, 0.049803, 0.130285, 0.573617, 
26, 38.461538, 0.930000, 10.640200, 0.334862, 0.319041, 0.053600, 0.131416, 0.575657, 
27, 37.037037, 0.930000, 11.052500, 0.325702, 0.321124, 0.052100, 0.128038, 0.571622, 
28, 35.714286, 0.930000, 11.461600, 0.321146, 0.320171, 0.050505, 0.129325, 0.566355, 
29, 34.482759, 0.930000, 11.864500, 0.301995, 0.318558, 0.053093, 0.130626, 0.571312, 
30, 33.333333, 0.930000, 12.276800, 0.297158, 0.321128, 0.049435, 0.126653, 0.573464, 
31, 32.258065, 0.930000, 12.685200, 0.284648, 0.317675, 0.050798, 0.130355, 0.570205, 
32, 31.250000, 0.930000, 13.092500, 0.273937, 0.321003, 0.053343, 0.132828, 0.571274, 
33, 30.303030, 0.930000, 13.500600, 0.269725, 0.322694, 0.053017, 0.131077, 0.569711, 
34, 29.411765, 0.930000, 13.904100, 0.262083, 0.318229, 0.050961, 0.134508, 0.568942, 
35, 28.571429, 0.930000, 14.316800, 0.257322, 0.317644, 0.051359, 0.132816, 0.570207, 
36, 27.777778, 0.930000, 14.720300, 0.250514, 0.321348, 0.052040, 0.129743, 0.570021, 
37, 27.027027, 0.930000, 15.134300, 0.247242, 0.317454, 0.053189, 0.132666, 0.570661, 
38, 26.315789, 0.930000, 15.541700, 0.242733, 0.318358, 0.052013, 0.130210, 0.569397, 
39, 25.641026, 0.930000, 15.948700, 0.237293, 0.318791, 0.052523, 0.134293, 0.573032, 
40, 25.000000, 0.930000, 16.356500, 0.233203, 0.319217, 0.051894, 0.130066, 0.568282, 
41, 24.390244, 0.930000, 16.759500, 0.227073, 0.319474, 0.048299, 0.131445, 0.572690, 
42, 23.809524, 0.930000, 17.174300, 0.218529, 0.318829, 0.049744, 0.130720, 0.568902, 
43, 23.255814, 0.930000, 17.576200, 0.217204, 0.315387, 0.055497, 0.132269, 0.570352, 
44, 22.727273, 0.930000, 17.984200, 0.213720, 0.315621, 0.049999, 0.130786, 0.567416, 
45, 22.222222, 0.930000, 18.392300, 0.206983, 0.315729, 0.052716, 0.131666, 0.568997, 
46, 21.739130, 0.930000, 18.801000, 0.204040, 0.315468, 0.053443, 0.138792, 0.569745, 
47, 21.276596, 0.930000, 19.213100, 0.201101, 0.319376, 0.051535, 0.131223, 0.566204, 
48, 20.833333, 0.930000, 19.622300, 0.195411, 0.319619, 0.053056, 0.133468, 0.569537, 
49, 20.408163, 0.930000, 20.024100, 0.193992, 0.317057, 0.048647, 0.134514, 0.570144, 
15, 66.666667, 0.920000, 6.152200, 0.526931, 0.321603, 0.050270, 0.126607, 0.580191, 
16, 62.500000, 0.920000, 6.559900, 0.503157, 0.322003, 0.051027, 0.129789, 0.581446, 
17, 58.823529, 0.920000, 6.972100, 0.468737, 0.323260, 0.050230, 0.125956, 0.578811, 
18, 55.555556, 0.920000, 7.379800, 0.445787, 0.322547, 0.051588, 0.127458, 0.576961, 
19, 52.631579, 0.920000, 7.793800, 0.423939, 0.320703, 0.049559, 0.127815, 0.579558, 
20, 50.000000, 0.920000, 8.196500, 0.412153, 0.323795, 0.054382, 0.128643, 0.574928, 
21, 47.619048, 0.920000, 8.604700, 0.391517, 0.324399, 0.053432, 0.128130, 0.578334, 
22, 45.454545, 0.920000, 9.007800, 0.371376, 0.320890, 0.051866, 0.133121, 0.573443, 
23, 43.478261, 0.920000, 9.416000, 0.363933, 0.317883, 0.052839, 0.134005, 0.576836, 
24, 41.666667, 0.920000, 9.829900, 0.351994, 0.320119, 0.053568, 0.129616, 0.575650, 
25, 40.000000, 0.920000, 10.236700, 0.335150, 0.319598, 0.051607, 0.131339, 0.576018, 
26, 38.461538, 0.920000, 10.641200, 0.325611, 0.325545, 0.053830, 0.132086, 0.573642, 
27, 37.037037, 0.920000, 11.054400, 0.315147, 0.320204, 0.051898, 0.129248, 0.573474, 
28, 35.714286, 0.920000, 11.461200, 0.314838, 0.320640, 0.049868, 0.129772, 0.570629, 
29, 34.482759, 0.920000, 11.864100, 0.297742, 0.319450, 0.053033, 0.133242, 0.573094, 
30, 33.333333, 0.920000, 12.272100, 0.290182, 0.323541, 0.048462, 0.129699, 0.571076, 
31, 32.258065, 0.920000, 12.685500, 0.281212, 0.321552, 0.050484, 0.129475, 0.569140, 
32, 31.250000, 0.920000, 13.094000, 0.270127, 0.319724, 0.051085, 0.130126, 0.571520, 
33, 30.303030, 0.920000, 13.495900, 0.264672, 0.319050, 0.051563, 0.128324, 0.573736, 
34, 29.411765, 0.920000, 13.910100, 0.256389, 0.320667, 0.052305, 0.128880, 0.571296, 
35, 28.571429, 0.920000, 14.317200, 0.248889, 0.319926, 0.051626, 0.131463, 0.572573, 
36, 27.777778, 0.920000, 14.725100, 0.249107, 0.319401, 0.051592, 0.130793, 0.570966, 
37, 27.027027, 0.920000, 15.133000, 0.243137, 0.320184, 0.051733, 0.129963, 0.570561, 
38, 26.315789, 0.920000, 15.536600, 0.234356, 0.316496, 0.050015, 0.130381, 0.574198, 
39, 25.641026, 0.920000, 15.945700, 0.232304, 0.317526, 0.051751, 0.129250, 0.568149, 
40, 25.000000, 0.920000, 16.358000, 0.229344, 0.317152, 0.054481, 0.129649, 0.569617, 
41, 24.390244, 0.920000, 16.760100, 0.222300, 0.315721, 0.053536, 0.130917, 0.572005, 
42, 23.809524, 0.920000, 17.173600, 0.215948, 0.317185, 0.052083, 0.129629, 0.572027, 
43, 23.255814, 0.920000, 17.581800, 0.212751, 0.318470, 0.050634, 0.128022, 0.566273, 
44, 22.727273, 0.920000, 17.991100, 0.208392, 0.318099, 0.053236, 0.132355, 0.568309, 
45, 22.222222, 0.920000, 18.398700, 0.202512, 0.319165, 0.049479, 0.134258, 0.571335, 
46, 21.739130, 0.920000, 18.805900, 0.198891, 0.317135, 0.050912, 0.132067, 0.568442, 
47, 21.276596, 0.920000, 19.213200, 0.198124, 0.316524, 0.048914, 0.133529, 0.572685, 
48, 20.833333, 0.920000, 19.616400, 0.192977, 0.318440, 0.053543, 0.126706, 0.569738, 
49, 20.408163, 0.920000, 20.029300, 0.190927, 0.317781, 0.047782, 0.130909, 0.568480, 
15, 66.666667, 0.910000, 6.152200, 0.517619, 0.322553, 0.049509, 0.131529, 0.581926, 
16, 62.500000, 0.910000, 6.559800, 0.488766, 0.323581, 0.054318, 0.131485, 0.583211, 
17, 58.823529, 0.910000, 6.967400, 0.462130, 0.323412, 0.051927, 0.127159, 0.579328, 
18, 55.555556, 0.910000, 7.376000, 0.438641, 0.323529, 0.052483, 0.124776, 0.576897, 
19, 52.631579, 0.910000, 7.787900, 0.424295, 0.321178, 0.048438, 0.128604, 0.580257, 
20, 50.000000, 0.910000, 8.196500, 0.397263, 0.324182, 0.052742, 0.130399, 0.576602, 
21, 47.619048, 0.910000, 8.605300, 0.376165, 0.322774, 0.050430, 0.131869, 0.577521, 
22, 45.454545, 0.910000, 9.013600, 0.365496, 0.320690, 0.053707, 0.126785, 0.574537, 
23, 43.478261, 0.910000, 9.420400, 0.348812, 0.321732, 0.053407, 0.132618, 0.573843, 
24, 41.666667, 0.910000, 9.824000, 0.341953, 0.322918, 0.054793, 0.133159, 0.573810, 
25, 40.000000, 0.910000, 10.231900, 0.328772, 0.315537, 0.050077, 0.133587, 0.574420, 
26, 38.461538, 0.910000, 10.645000, 0.317495, 0.319931, 0.052573, 0.129971, 0.575933, 
27, 37.037037, 0.910000, 11.048000, 0.308653, 0.320475, 0.050237, 0.131628, 0.571262, 
28, 35.714286, 0.910000, 11.460600, 0.296137, 0.321963, 0.050956, 0.126775, 0.573554, 
29, 34.482759, 0.910000, 11.868300, 0.290181, 0.319051, 0.050482, 0.129672, 0.573791, 
30, 33.333333, 0.910000, 12.272300, 0.281937, 0.320155, 0.050668, 0.127600, 0.570902, 
31, 32.258065, 0.910000, 12.679100, 0.272281, 0.318301, 0.049738, 0.131630, 0.570047, 
32, 31.250000, 0.910000, 13.087900, 0.261809, 0.317197, 0.051174, 0.128700, 0.570912, 
33, 30.303030, 0.910000, 13.495700, 0.251898, 0.319738, 0.048862, 0.125773, 0.573708, 
34, 29.411765, 0.910000, 13.904400, 0.249381, 0.317254, 0.051755, 0.130327, 0.575669, 
35, 28.571429, 0.910000, 14.316900, 0.243284, 0.317003, 0.049866, 0.129299, 0.569864, 
36, 27.777778, 0.910000, 14.725300, 0.242071, 0.317789, 0.050017, 0.130115, 0.569500, 
37, 27.027027, 0.910000, 15.128000, 0.235217, 0.321387, 0.051653, 0.129307, 0.569980, 
38, 26.315789, 0.910000, 15.538700, 0.232776, 0.316979, 0.048188, 0.126488, 0.572280, 
39, 25.641026, 0.910000, 15.944400, 0.227609, 0.317497, 0.052586, 0.127487, 0.568578, 
40, 25.000000, 0.910000, 16.352200, 0.220587, 0.319050, 0.046667, 0.130067, 0.570397, 
41, 24.390244, 0.910000, 16.765000, 0.216351, 0.321038, 0.049382, 0.126878, 0.569292, 
42, 23.809524, 0.910000, 17.168400, 0.209352, 0.317288, 0.050601, 0.124585, 0.570383, 
43, 23.255814, 0.910000, 17.583200, 0.208077, 0.316027, 0.051549, 0.124485, 0.568805, 
44, 22.727273, 0.910000, 17.989100, 0.203861, 0.316904, 0.054312, 0.130697, 0.569513, 
45, 22.222222, 0.910000, 18.392000, 0.197777, 0.317780, 0.051902, 0.125245, 0.567486, 
46, 21.739130, 0.910000, 18.800300, 0.194032, 0.317939, 0.050064, 0.126960, 0.569645, 
47, 21.276596, 0.910000, 19.210400, 0.190847, 0.317122, 0.054296, 0.130009, 0.569487, 
48, 20.833333, 0.910000, 19.616300, 0.189748, 0.316664, 0.049614, 0.127855, 0.568701, 
49, 20.408163, 0.910000, 20.023700, 0.185854, 0.317813, 0.050765, 0.126764, 0.570587, 
15, 66.666667, 0.900000, 6.155700, 0.511096, 0.322726, 0.050693, 0.130358, 0.582972, 
16, 62.500000, 0.900000, 6.559000, 0.475448, 0.322032, 0.050958, 0.126589, 0.578236, 
17, 58.823529, 0.900000, 6.972400, 0.449515, 0.322772, 0.050361, 0.125201, 0.579088, 
18, 55.555556, 0.900000, 7.375600, 0.428748, 0.321387, 0.053707, 0.129853, 0.580611, 
19, 52.631579, 0.900000, 7.787600, 0.414623, 0.321557, 0.047421, 0.127930, 0.578495, 
20, 50.000000, 0.900000, 8.196200, 0.389562, 0.318968, 0.050565, 0.121954, 0.578171, 
21, 47.619048, 0.900000, 8.603900, 0.367750, 0.317726, 0.049412, 0.126555, 0.578059, 
22, 45.454545, 0.900000, 9.012900, 0.361823, 0.319239, 0.052136, 0.126963, 0.577045, 
23, 43.478261, 0.900000, 9.421000, 0.347865, 0.319550, 0.052679, 0.131468, 0.574502, 
24, 41.666667, 0.900000, 9.829500, 0.339331, 0.320327, 0.052413, 0.126926, 0.575943, 
25, 40.000000, 0.900000, 10.237400, 0.322267, 0.320378, 0.052294, 0.131976, 0.575752, 
26, 38.461538, 0.900000, 10.645400, 0.314272, 0.320870, 0.048401, 0.126716, 0.574207, 
27, 37.037037, 0.900000, 11.052700, 0.302513, 0.318680, 0.053761, 0.128634, 0.573960, 
28, 35.714286, 0.900000, 11.459900, 0.296252, 0.320265, 0.055021, 0.127266, 0.573477, 
29, 34.482759, 0.900000, 11.869400, 0.283410, 0.318353, 0.051280, 0.128278, 0.574509, 
30, 33.333333, 0.900000, 12.272200, 0.271993, 0.319415, 0.050810, 0.132393, 0.572629, 
31, 32.258065, 0.900000, 12.685100, 0.265795, 0.318921, 0.049775, 0.128687, 0.572039, 
32, 31.250000, 0.900000, 13.092600, 0.257178, 0.322994, 0.051590, 0.122943, 0.570555, 
33, 30.303030, 0.900000, 13.501700, 0.249403, 0.319225, 0.045517, 0.128070, 0.569703, 
34, 29.411765, 0.900000, 13.911100, 0.245690, 0.320454, 0.049970, 0.124672, 0.568925, 
35, 28.571429, 0.900000, 14.317500, 0.238103, 0.318574, 0.047099, 0.126320, 0.571881, 
36, 27.777778, 0.900000, 14.720000, 0.234918, 0.319109, 0.050831, 0.123645, 0.570336, 
37, 27.027027, 0.900000, 15.133200, 0.234428, 0.318103, 0.049923, 0.126293, 0.570675, 
38, 26.315789, 0.900000, 15.540900, 0.223505, 0.318430, 0.049980, 0.123076, 0.570065, 
39, 25.641026, 0.900000, 15.948900, 0.221643, 0.320348, 0.053062, 0.126147, 0.570960, 
40, 25.000000, 0.900000, 16.352100, 0.214840, 0.318024, 0.053995, 0.125757, 0.570816, 
41, 24.390244, 0.900000, 16.765100, 0.210637, 0.317992, 0.050919, 0.121533, 0.569164, 
42, 23.809524, 0.900000, 17.168600, 0.207203, 0.316306, 0.051917, 0.125521, 0.572600, 
43, 23.255814, 0.900000, 17.576100, 0.199432, 0.322113, 0.052099, 0.125989, 0.569291, 
44, 22.727273, 0.900000, 17.989300, 0.198587, 0.314698, 0.052464, 0.128978, 0.570957, 
45, 22.222222, 0.900000, 18.396800, 0.193955, 0.315923, 0.050558, 0.124383, 0.568261, 
46, 21.739130, 0.900000, 18.806000, 0.189466, 0.314244, 0.053417, 0.127155, 0.569092, 
47, 21.276596, 0.900000, 19.213100, 0.187250, 0.317345, 0.047161, 0.122653, 0.573312, 
48, 20.833333, 0.900000, 19.622500, 0.183321, 0.317632, 0.053289, 0.123224, 0.569165, 
49, 20.408163, 0.900000, 20.030000, 0.181508, 0.317369, 0.048088, 0.129889, 0.567332, 
16, 62.500000, 0.890000, 6.563700, 0.472497, 0.319523, 0.052220, 0.126442, 0.580447, 
17, 58.823529, 0.890000, 6.967800, 0.439713, 0.321356, 0.048619, 0.129873, 0.580047, 
18, 55.555556, 0.890000, 7.375800, 0.420029, 0.326243, 0.050970, 0.128631, 0.580311, 
19, 52.631579, 0.890000, 7.788600, 0.403989, 0.321228, 0.049979, 0.128101, 0.575098, 
20, 50.000000, 0.890000, 8.197600, 0.379638, 0.321083, 0.048869, 0.126684, 0.575860, 
21, 47.619048, 0.890000, 8.599800, 0.361316, 0.318365, 0.054690, 0.125944, 0.577614, 
22, 45.454545, 0.890000, 9.012400, 0.352271, 0.321128, 0.049534, 0.126075, 0.574580, 
23, 43.478261, 0.890000, 9.420600, 0.336826, 0.321624, 0.048950, 0.131248, 0.576926, 
24, 41.666667, 0.890000, 9.826400, 0.325220, 0.321278, 0.051182, 0.129163, 0.574088, 
25, 40.000000, 0.890000, 10.232100, 0.309812, 0.321406, 0.049296, 0.127898, 0.574846, 
26, 38.461538, 0.890000, 10.645600, 0.305740, 0.322572, 0.052718, 0.126808, 0.573613, 
27, 37.037037, 0.890000, 11.052400, 0.294591, 0.317300, 0.051091, 0.128118, 0.574201, 
28, 35.714286, 0.890000, 11.461200, 0.288074, 0.319008, 0.048512, 0.132669, 0.572374, 
29, 34.482759, 0.890000, 11.868000, 0.273711, 0.320432, 0.052296, 0.124344, 0.574893, 
30, 33.333333, 0.890000, 12.271900, 0.265683, 0.318737, 0.052245, 0.130093, 0.571837, 
31, 32.258065, 0.890000, 12.681000, 0.259087, 0.319713, 0.050461, 0.123808, 0.572504, 
32, 31.250000, 0.890000, 13.093000, 0.252084, 0.317932, 0.047574, 0.129216, 0.574334, 
33, 30.303030, 0.890000, 13.501000, 0.245348, 0.319711, 0.050017, 0.129455, 0.572359, 
34, 29.411765, 0.890000, 13.909000, 0.241083, 0.320115, 0.048257, 0.131573, 0.572513, 
35, 28.571429, 0.890000, 14.311300, 0.236289, 0.319648, 0.050761, 0.130498, 0.570855, 
36, 27.777778, 0.890000, 14.726300, 0.230518, 0.318533, 0.050502, 0.134303, 0.572327, 
37, 27.027027, 0.890000, 15.128100, 0.224929, 0.318731, 0.053519, 0.133743, 0.572332, 
38, 26.315789, 0.890000, 15.540700, 0.221137, 0.319995, 0.053460, 0.135663, 0.568175, 
39, 25.641026, 0.890000, 15.944800, 0.214272, 0.317083, 0.049812, 0.131552, 0.569771, 
40, 25.000000, 0.890000, 16.354300, 0.210144, 0.318998, 0.051056, 0.135270, 0.572347, 
41, 24.390244, 0.890000, 16.760200, 0.206334, 0.318336, 0.049400, 0.130310, 0.569962, 
42, 23.809524, 0.890000, 17.172700, 0.200749, 0.315220, 0.053055, 0.132183, 0.569740, 
43, 23.255814, 0.890000, 17.580900, 0.195091, 0.319580, 0.054742, 0.128655, 0.569869, 
44, 22.727273, 0.890000, 17.989200, 0.192585, 0.320189, 0.048959, 0.132959, 0.571179, 
45, 22.222222, 0.890000, 18.392200, 0.190177, 0.318274, 0.054984, 0.131163, 0.571879, 
46, 21.739130, 0.890000, 18.799800, 0.185108, 0.314855, 0.051458, 0.133481, 0.568373, 
47, 21.276596, 0.890000, 19.213400, 0.182581, 0.316334, 0.050169, 0.132076, 0.572810, 
48, 20.833333, 0.890000, 19.621600, 0.178528, 0.316063, 0.051920, 0.133467, 0.572128, 
49, 20.408163, 0.890000, 20.029900, 0.177176, 0.315941, 0.046739, 0.132104, 0.568091, 
16, 62.500000, 0.880000, 6.563700, 0.452988, 0.321826, 0.054271, 0.126943, 0.581950, 
17, 58.823529, 0.880000, 6.972000, 0.431680, 0.320645, 0.054146, 0.130937, 0.584775, 
18, 55.555556, 0.880000, 7.380200, 0.411900, 0.322762, 0.051868, 0.125879, 0.582116, 
19, 52.631579, 0.880000, 7.785000, 0.387919, 0.320635, 0.051818, 0.133240, 0.580141, 
20, 50.000000, 0.880000, 8.196700, 0.368157, 0.320579, 0.050099, 0.134340, 0.578652, 
21, 47.619048, 0.880000, 8.599100, 0.357691, 0.324852, 0.050198, 0.129171, 0.576583, 
22, 45.454545, 0.880000, 9.007200, 0.344670, 0.321570, 0.050674, 0.131864, 0.575653, 
23, 43.478261, 0.880000, 9.420300, 0.330129, 0.321559, 0.051194, 0.133235, 0.575780, 
24, 41.666667, 0.880000, 9.828800, 0.315564, 0.318577, 0.053071, 0.132604, 0.573028, 
25, 40.000000, 0.880000, 10.232000, 0.303994, 0.319389, 0.049086, 0.133077, 0.575785, 
26, 38.461538, 0.880000, 10.640600, 0.296140, 0.322985, 0.049187, 0.134699, 0.572433, 
27, 37.037037, 0.880000, 11.053200, 0.289716, 0.318731, 0.048216, 0.134895, 0.575218, 
28, 35.714286, 0.880000, 11.455800, 0.274521, 0.318074, 0.053631, 0.134545, 0.576156, 
29, 34.482759, 0.880000, 11.868600, 0.271897, 0.320295, 0.050618, 0.139270, 0.570535, 
30, 33.333333, 0.880000, 12.276500, 0.258067, 0.319970, 0.051676, 0.141283, 0.574018, 
31, 32.258065, 0.880000, 12.685100, 0.251457, 0.321102, 0.050606, 0.139101, 0.572589, 
32, 31.250000, 0.880000, 13.087800, 0.243968, 0.320302, 0.053661, 0.133799, 0.573376, 
33, 30.303030, 0.880000, 13.496700, 0.238262, 0.318020, 0.050097, 0.140462, 0.573112, 
34, 29.411765, 0.880000, 13.908900, 0.237686, 0.319236, 0.049373, 0.140129, 0.572779, 
35, 28.571429, 0.880000, 14.317200, 0.232897, 0.320954, 0.049592, 0.138029, 0.569909, 
36, 27.777778, 0.880000, 14.725200, 0.223833, 0.314175, 0.051974, 0.136743, 0.570549, 
37, 27.027027, 0.880000, 15.132700, 0.217356, 0.316919, 0.049522, 0.141234, 0.571113, 
38, 26.315789, 0.880000, 15.541100, 0.217366, 0.316796, 0.050720, 0.142208, 0.570204, 
39, 25.641026, 0.880000, 15.949000, 0.210431, 0.319859, 0.052371, 0.140474, 0.570672, 
40, 25.000000, 0.880000, 16.352000, 0.205725, 0.315548, 0.051749, 0.137533, 0.568600, 
41, 24.390244, 0.880000, 16.765500, 0.200110, 0.318986, 0.054578, 0.134764, 0.569163, 
42, 23.809524, 0.880000, 17.173500, 0.194031, 0.317917, 0.053556, 0.144104, 0.572079, 
43, 23.255814, 0.880000, 17.580800, 0.188996, 0.315927, 0.050256, 0.135024, 0.568905, 
44, 22.727273, 0.880000, 17.989800, 0.186028, 0.316756, 0.048821, 0.144062, 0.569520, 
45, 22.222222, 0.880000, 18.398400, 0.184039, 0.317391, 0.050331, 0.140327, 0.571428, 
46, 21.739130, 0.880000, 18.806500, 0.182344, 0.318440, 0.048094, 0.144189, 0.570642, 
47, 21.276596, 0.880000, 19.215100, 0.176926, 0.317367, 0.048914, 0.142513, 0.574244, 
48, 20.833333, 0.880000, 19.621700, 0.175414, 0.317497, 0.051163, 0.142378, 0.569949, 
49, 20.408163, 0.880000, 20.026200, 0.171294, 0.317973, 0.052165, 0.142223, 0.569701, 
17, 58.823529, 0.870000, 6.967800, 0.418613, 0.321667, 0.052381, 0.134926, 0.580376, 
18, 55.555556, 0.870000, 7.375900, 0.405999, 0.317696, 0.052935, 0.138673, 0.580268, 
19, 52.631579, 0.870000, 7.788500, 0.389773, 0.322088, 0.051364, 0.138787, 0.575365, 
20, 50.000000, 0.870000, 8.196500, 0.356757, 0.321440, 0.052645, 0.138668, 0.575042, 
21, 47.619048, 0.870000, 8.599800, 0.347703, 0.321593, 0.052489, 0.143525, 0.575568, 
22, 45.454545, 0.870000, 9.007900, 0.334673, 0.319302, 0.053018, 0.135727, 0.575721, 
23, 43.478261, 0.870000, 9.419900, 0.326779, 0.322874, 0.053724, 0.139844, 0.573947, 
24, 41.666667, 0.870000, 9.824100, 0.309915, 0.321313, 0.049069, 0.143579, 0.577722, 
25, 40.000000, 0.870000, 10.236000, 0.296861, 0.325003, 0.053012, 0.145317, 0.575645, 
26, 38.461538, 0.870000, 10.644200, 0.289896, 0.322865, 0.051299, 0.146393, 0.575196, 
27, 37.037037, 0.870000, 11.047800, 0.282989, 0.319680, 0.049490, 0.142906, 0.572466, 
28, 35.714286, 0.870000, 11.460700, 0.275042, 0.320013, 0.051211, 0.148253, 0.572386, 
29, 34.482759, 0.870000, 11.863800, 0.261719, 0.318869, 0.052701, 0.143543, 0.575695, 
30, 33.333333, 0.870000, 12.277200, 0.252936, 0.318139, 0.051642, 0.146457, 0.572887, 
31, 32.258065, 0.870000, 12.679300, 0.247744, 0.319149, 0.050105, 0.150402, 0.572682, 
32, 31.250000, 0.870000, 13.088000, 0.239329, 0.316470, 0.049636, 0.148295, 0.570208, 
33, 30.303030, 0.870000, 13.501400, 0.235368, 0.318534, 0.048422, 0.146695, 0.574013, 
34, 29.411765, 0.870000, 13.904600, 0.231002, 0.315420, 0.052756, 0.148081, 0.573477, 
35, 28.571429, 0.870000, 14.311700, 0.226515, 0.318157, 0.049930, 0.149348, 0.571703, 
36, 27.777778, 0.870000, 14.725400, 0.220788, 0.319987, 0.051708, 0.146416, 0.571914, 
37, 27.027027, 0.870000, 15.133500, 0.216754, 0.317546, 0.053725, 0.146894, 0.572886, 
38, 26.315789, 0.870000, 15.535200, 0.207801, 0.318154, 0.050029, 0.150998, 0.572821, 
39, 25.641026, 0.870000, 15.944200, 0.204860, 0.318758, 0.051125, 0.149867, 0.570575, 
40, 25.000000, 0.870000, 16.359600, 0.197963, 0.320280, 0.052226, 0.149878, 0.570562, 
41, 24.390244, 0.870000, 16.765400, 0.195122, 0.319542, 0.054009, 0.146250, 0.568992, 
42, 23.809524, 0.870000, 17.172800, 0.189644, 0.314809, 0.053071, 0.147943, 0.571647, 
43, 23.255814, 0.870000, 17.580800, 0.188414, 0.317377, 0.053046, 0.148592, 0.567194, 
44, 22.727273, 0.870000, 17.989000, 0.184063, 0.319674, 0.052660, 0.148062, 0.571897, 
45, 22.222222, 0.870000, 18.397200, 0.178993, 0.313001, 0.049383, 0.147365, 0.568538, 
46, 21.739130, 0.870000, 18.800800, 0.175025, 0.317199, 0.049680, 0.148596, 0.570199, 
47, 21.276596, 0.870000, 19.211300, 0.172732, 0.313421, 0.055063, 0.147971, 0.566255, 
48, 20.833333, 0.870000, 19.621600, 0.169519, 0.315832, 0.051168, 0.152317, 0.571016, 
49, 20.408163, 0.870000, 20.023900, 0.167871, 0.315407, 0.052195, 0.149585, 0.572288, 
17, 58.823529, 0.860000, 6.972300, 0.411457, 0.321274, 0.053060, 0.147023, 0.579211, 
18, 55.555556, 0.860000, 7.380100, 0.390156, 0.323200, 0.053122, 0.149105, 0.577788, 
19, 52.631579, 0.860000, 7.784200, 0.363320, 0.322209, 0.051545, 0.153021, 0.577576, 
20, 50.000000, 0.860000, 8.192200, 0.352123, 0.321944, 0.053838, 0.151373, 0.577327, 
21, 47.619048, 0.860000, 8.604100, 0.342913, 0.319782, 0.051741, 0.149721, 0.575723, 
22, 45.454545, 0.860000, 9.007700, 0.331167, 0.317656, 0.049513, 0.147103, 0.576064, 
23, 43.478261, 0.860000, 9.416200, 0.316982, 0.318864, 0.047911, 0.147393, 0.573749, 
24, 41.666667, 0.860000, 9.828400, 0.305887, 0.318177, 0.048105, 0.148239, 0.574463, 
25, 40.000000, 0.860000, 10.236800, 0.294253, 0.321835, 0.049828, 0.149472, 0.574080, 
26, 38.461538, 0.860000, 10.645000, 0.283204, 0.319367, 0.049984, 0.143699, 0.575262, 
27, 37.037037, 0.860000, 11.053300, 0.274301, 0.319712, 0.054254, 0.147442, 0.571474, 
28, 35.714286, 0.860000, 11.461500, 0.266448, 0.317332, 0.052432, 0.148068, 0.573417, 
29, 34.482759, 0.860000, 11.869100, 0.256903, 0.321280, 0.046931, 0.145502, 0.573212, 
30, 33.333333, 0.860000, 12.277000, 0.247290, 0.317778, 0.053720, 0.145819, 0.569913, 
31, 32.258065, 0.860000, 12.679600, 0.242334, 0.323259, 0.053604, 0.145072, 0.572263, 
32, 31.250000, 0.860000, 13.092900, 0.234392, 0.315702, 0.052539, 0.150525, 0.572389, 
33, 30.303030, 0.860000, 13.496500, 0.228784, 0.318543, 0.052530, 0.146381, 0.573339, 
34, 29.411765, 0.860000, 13.905300, 0.226818, 0.318949, 0.050436, 0.148903, 0.572049, 
35, 28.571429, 0.860000, 14.311900, 0.220041, 0.320086, 0.051727, 0.147424, 0.570910, 
36, 27.777778, 0.860000, 14.719900, 0.218397, 0.317442, 0.049046, 0.147867, 0.571408, 
37, 27.027027, 0.860000, 15.128400, 0.207327, 0.317538, 0.048539, 0.146083, 0.571790, 
38, 26.315789, 0.860000, 15.535400, 0.206357, 0.319832, 0.048431, 0.147522, 0.568149, 
39, 25.641026, 0.860000, 15.944700, 0.199899, 0.318214, 0.055023, 0.145136, 0.568665, 
40, 25.000000, 0.860000, 16.357100, 0.194508, 0.316895, 0.052932, 0.145817, 0.571447, 
41, 24.390244, 0.860000, 16.760400, 0.191215, 0.320338, 0.050738, 0.146326, 0.568981, 
42, 23.809524, 0.860000, 17.174000, 0.187928, 0.316924, 0.050361, 0.147953, 0.568802, 
43, 23.255814, 0.860000, 17.581400, 0.182428, 0.316319, 0.051689, 0.148519, 0.570196, 
44, 22.727273, 0.860000, 17.985200, 0.181387, 0.314483, 0.052333, 0.146084, 0.566625, 
45, 22.222222, 0.860000, 18.392100, 0.179069, 0.317387, 0.053824, 0.144824, 0.568088, 
46, 21.739130, 0.860000, 18.805700, 0.172814, 0.318048, 0.052211, 0.144625, 0.570333, 
47, 21.276596, 0.860000, 19.207600, 0.170038, 0.315780, 0.049230, 0.147915, 0.570210, 
48, 20.833333, 0.860000, 19.621900, 0.163649, 0.319130, 0.049353, 0.146377, 0.569307, 
49, 20.408163, 0.860000, 20.023900, 0.164362, 0.315287, 0.050994, 0.146777, 0.568575, 
18, 55.555556, 0.850000, 7.380100, 0.387592, 0.318439, 0.054307, 0.143441, 0.579017, 
19, 52.631579, 0.850000, 7.787600, 0.366276, 0.319383, 0.053971, 0.149216, 0.575272, 
20, 50.000000, 0.850000, 8.196900, 0.345339, 0.321702, 0.053227, 0.145223, 0.577054, 
21, 47.619048, 0.850000, 8.604700, 0.337486, 0.321718, 0.049492, 0.146671, 0.578071, 
22, 45.454545, 0.850000, 9.008200, 0.320386, 0.314401, 0.052665, 0.144329, 0.572583, 
23, 43.478261, 0.850000, 9.417400, 0.309776, 0.321945, 0.053074, 0.144143, 0.576495, 
24, 41.666667, 0.850000, 9.823900, 0.297367, 0.319618, 0.053860, 0.141073, 0.574555, 
25, 40.000000, 0.850000, 10.237100, 0.288573, 0.317732, 0.048636, 0.145386, 0.575136, 
26, 38.461538, 0.850000, 10.645000, 0.278832, 0.320413, 0.051933, 0.141421, 0.572828, 
27, 37.037037, 0.850000, 11.048800, 0.269028, 0.318867, 0.055181, 0.142630, 0.574698, 
28, 35.714286, 0.850000, 11.456100, 0.262163, 0.317843, 0.052207, 0.143733, 0.572784, 
29, 34.482759, 0.850000, 11.868000, 0.249119, 0.318519, 0.052302, 0.140065, 0.572370, 
30, 33.333333, 0.850000, 12.278000, 0.241690, 0.320742, 0.050690, 0.140800, 0.573712, 
31, 32.258065, 0.850000, 12.684900, 0.238006, 0.320013, 0.053677, 0.141990, 0.569936, 
32, 31.250000, 0.850000, 13.092400, 0.231497, 0.319536, 0.049760, 0.144441, 0.572241, 
33, 30.303030, 0.850000, 13.495900, 0.226689, 0.317520, 0.052748, 0.140799, 0.570605, 
34, 29.411765, 0.850000, 13.909600, 0.220615, 0.319176, 0.052793, 0.140098, 0.573506, 
35, 28.571429, 0.850000, 14.312500, 0.215095, 0.317716, 0.051749, 0.138456, 0.572141, 
36, 27.777778, 0.850000, 14.720200, 0.210483, 0.317021, 0.053832, 0.137054, 0.569371, 
37, 27.027027, 0.850000, 15.133800, 0.205596, 0.314237, 0.047871, 0.141057, 0.569650, 
38, 26.315789, 0.850000, 15.540500, 0.196168, 0.317798, 0.053715, 0.141672, 0.571306, 
39, 25.641026, 0.850000, 15.951900, 0.194703, 0.318514, 0.053403, 0.140416, 0.569006, 
40, 25.000000, 0.850000, 16.352200, 0.190269, 0.316888, 0.054372, 0.139280, 0.569832, 
41, 24.390244, 0.850000, 16.765300, 0.186203, 0.316761, 0.052293, 0.137372, 0.568328, 
42, 23.809524, 0.850000, 17.168200, 0.181848, 0.319397, 0.051493, 0.142195, 0.573956, 
43, 23.255814, 0.850000, 17.581800, 0.177572, 0.315644, 0.051497, 0.141227, 0.570301, 
44, 22.727273, 0.850000, 17.989700, 0.173261, 0.320455, 0.048200, 0.142310, 0.570237, 
45, 22.222222, 0.850000, 18.397500, 0.169488, 0.319609, 0.052313, 0.140451, 0.569636, 
46, 21.739130, 0.850000, 18.800100, 0.167817, 0.316353, 0.050342, 0.140463, 0.570193, 
47, 21.276596, 0.850000, 19.212900, 0.165104, 0.317306, 0.052133, 0.141487, 0.567654, 
48, 20.833333, 0.850000, 19.616400, 0.163063, 0.317588, 0.048220, 0.139740, 0.567512, 
49, 20.408163, 0.850000, 20.029200, 0.160600, 0.320240, 0.051694, 0.138282, 0.569794, 
19, 52.631579, 0.840000, 7.788300, 0.352375, 0.321276, 0.056371, 0.139452, 0.581051, 
20, 50.000000, 0.840000, 8.195500, 0.337468, 0.318965, 0.048896, 0.139722, 0.579749, 
21, 47.619048, 0.840000, 8.600100, 0.329180, 0.322500, 0.052148, 0.140243, 0.574439, 
22, 45.454545, 0.840000, 9.013300, 0.317046, 0.320881, 0.051947, 0.137297, 0.576933, 
23, 43.478261, 0.840000, 9.416500, 0.301948, 0.320769, 0.054180, 0.138871, 0.574438, 
24, 41.666667, 0.840000, 9.823300, 0.288326, 0.320621, 0.052404, 0.137802, 0.576612, 
25, 40.000000, 0.840000, 10.232800, 0.278920, 0.318537, 0.052552, 0.135612, 0.573017, 
26, 38.461538, 0.840000, 10.640200, 0.272229, 0.317768, 0.051497, 0.133360, 0.574340, 
27, 37.037037, 0.840000, 11.048300, 0.262765, 0.320048, 0.054746, 0.135121, 0.576307, 
28, 35.714286, 0.840000, 11.459800, 0.241148, 0.318911, 0.049769, 0.135484, 0.575297, 
29, 34.482759, 0.840000, 11.869000, 0.242969, 0.318325, 0.051669, 0.134252, 0.572491, 
30, 33.333333, 0.840000, 12.277900, 0.231622, 0.318670, 0.050253, 0.137132, 0.573570, 
31, 32.258065, 0.840000, 12.684500, 0.229328, 0.319401, 0.053455, 0.136794, 0.573042, 
32, 31.250000, 0.840000, 13.092900, 0.225943, 0.319195, 0.049981, 0.135177, 0.569516, 
33, 30.303030, 0.840000, 13.501900, 0.221222, 0.317297, 0.049104, 0.132047, 0.575266, 
34, 29.411765, 0.840000, 13.909200, 0.214235, 0.317741, 0.055442, 0.134882, 0.569803, 
35, 28.571429, 0.840000, 14.317000, 0.212265, 0.318574, 0.049826, 0.131314, 0.567396, 
36, 27.777778, 0.840000, 14.725200, 0.204855, 0.319125, 0.050325, 0.133333, 0.571307, 
37, 27.027027, 0.840000, 15.128000, 0.199084, 0.315747, 0.051618, 0.130400, 0.572951, 
38, 26.315789, 0.840000, 15.541900, 0.194252, 0.317628, 0.050451, 0.130973, 0.573796, 
39, 25.641026, 0.840000, 15.943400, 0.190299, 0.316000, 0.053841, 0.129043, 0.571322, 
40, 25.000000, 0.840000, 16.351800, 0.185911, 0.320943, 0.051895, 0.135826, 0.570651, 
41, 24.390244, 0.840000, 16.765600, 0.181074, 0.316049, 0.047138, 0.130915, 0.572459, 
42, 23.809524, 0.840000, 17.174200, 0.178443, 0.313311, 0.051945, 0.134617, 0.572905, 
43, 23.255814, 0.840000, 17.582700, 0.173703, 0.315241, 0.049470, 0.133518, 0.571980, 
44, 22.727273, 0.840000, 17.984600, 0.171750, 0.313445, 0.050217, 0.131107, 0.570965, 
45, 22.222222, 0.840000, 18.397400, 0.168144, 0.316272, 0.051457, 0.130003, 0.572559, 
46, 21.739130, 0.840000, 18.805100, 0.165553, 0.317379, 0.049504, 0.131571, 0.569659, 
47, 21.276596, 0.840000, 19.208800, 0.160295, 0.317372, 0.051591, 0.134777, 0.570435, 
48, 20.833333, 0.840000, 19.617200, 0.158386, 0.315616, 0.049515, 0.133441, 0.570330, 
49, 20.408163, 0.840000, 20.030000, 0.156409, 0.317132, 0.052828, 0.130550, 0.569101, 
20, 50.000000, 0.830000, 8.196500, 0.329947, 0.318851, 0.051737, 0.131138, 0.579241, 
21, 47.619048, 0.830000, 8.605700, 0.323374, 0.320050, 0.053569, 0.134100, 0.574518, 
22, 45.454545, 0.830000, 9.012200, 0.308787, 0.321022, 0.051230, 0.135083, 0.575047, 
23, 43.478261, 0.830000, 9.416000, 0.290758, 0.320802, 0.050260, 0.131590, 0.574717, 
24, 41.666667, 0.830000, 9.824800, 0.281078, 0.317186, 0.050633, 0.132472, 0.575160, 
25, 40.000000, 0.830000, 10.237100, 0.272034, 0.319192, 0.049589, 0.131392, 0.575045, 
26, 38.461538, 0.830000, 10.644500, 0.262626, 0.319864, 0.050708, 0.131801, 0.572905, 
27, 37.037037, 0.830000, 11.053600, 0.257105, 0.322657, 0.051467, 0.131904, 0.572775, 
28, 35.714286, 0.830000, 11.456100, 0.250947, 0.320482, 0.050894, 0.131705, 0.571340, 
29, 34.482759, 0.830000, 11.863800, 0.236412, 0.320389, 0.051880, 0.133438, 0.574908, 
30, 33.333333, 0.830000, 12.271800, 0.231655, 0.319661, 0.051465, 0.130516, 0.575056, 
31, 32.258065, 0.830000, 12.679800, 0.224540, 0.317934, 0.052322, 0.133824, 0.571992, 
32, 31.250000, 0.830000, 13.088200, 0.222590, 0.314931, 0.050761, 0.133607, 0.573689, 
33, 30.303030, 0.830000, 13.496100, 0.213851, 0.317484, 0.049618, 0.133874, 0.570101, 
34, 29.411765, 0.830000, 13.909100, 0.211930, 0.318476, 0.050501, 0.134059, 0.571480, 
35, 28.571429, 0.830000, 14.317400, 0.207375, 0.317384, 0.050167, 0.131566, 0.570049, 
36, 27.777778, 0.830000, 14.725200, 0.199444, 0.319920, 0.051488, 0.134385, 0.570013, 
37, 27.027027, 0.830000, 15.128300, 0.194185, 0.317454, 0.051004, 0.134072, 0.570509, 
38, 26.315789, 0.830000, 15.536900, 0.186408, 0.316508, 0.055074, 0.133169, 0.570725, 
39, 25.641026, 0.830000, 15.949000, 0.183359, 0.314304, 0.049926, 0.132898, 0.569965, 
40, 25.000000, 0.830000, 16.358100, 0.179853, 0.316682, 0.049001, 0.129794, 0.569916, 
41, 24.390244, 0.830000, 16.765100, 0.175539, 0.317375, 0.052345, 0.131945, 0.570253, 
42, 23.809524, 0.830000, 17.173000, 0.173334, 0.318356, 0.046905, 0.130573, 0.571401, 
43, 23.255814, 0.830000, 17.581400, 0.169907, 0.319886, 0.053065, 0.135954, 0.571288, 
44, 22.727273, 0.830000, 17.990300, 0.164174, 0.317965, 0.052290, 0.135226, 0.569979, 
45, 22.222222, 0.830000, 18.392300, 0.163662, 0.317014, 0.050627, 0.132042, 0.568769, 
46, 21.739130, 0.830000, 18.799800, 0.158264, 0.318461, 0.050513, 0.129472, 0.571653, 
47, 21.276596, 0.830000, 19.207200, 0.155895, 0.320222, 0.055888, 0.133785, 0.567186, 
48, 20.833333, 0.830000, 19.615900, 0.154349, 0.316764, 0.053717, 0.132917, 0.566518, 
49, 20.408163, 0.830000, 20.029800, 0.153682, 0.314265, 0.056588, 0.131295, 0.567147, 
20, 50.000000, 0.820000, 8.196300, 0.320464, 0.321516, 0.051329, 0.135026, 0.579730, 
21, 47.619048, 0.820000, 8.604200, 0.316493, 0.320147, 0.055111, 0.133218, 0.577142, 
22, 45.454545, 0.820000, 9.007700, 0.301358, 0.320890, 0.051778, 0.131476, 0.574392, 
23, 43.478261, 0.820000, 9.416100, 0.288352, 0.319865, 0.050674, 0.137086, 0.575344, 
24, 41.666667, 0.820000, 9.828900, 0.277646, 0.318750, 0.051935, 0.133306, 0.570649, 
25, 40.000000, 0.820000, 10.232800, 0.268250, 0.317282, 0.051644, 0.132130, 0.574695, 
26, 38.461538, 0.820000, 10.644100, 0.260552, 0.320258, 0.051328, 0.136156, 0.577146, 
27, 37.037037, 0.820000, 11.053100, 0.249215, 0.317590, 0.050828, 0.133152, 0.573948, 
28, 35.714286, 0.820000, 11.460600, 0.233781, 0.321301, 0.053916, 0.132084, 0.572732, 
29, 34.482759, 0.820000, 11.868800, 0.232414, 0.320073, 0.050693, 0.131503, 0.572054, 
30, 33.333333, 0.820000, 12.276900, 0.225459, 0.319385, 0.051266, 0.131352, 0.574748, 
31, 32.258065, 0.820000, 12.680000, 0.221367, 0.319267, 0.052420, 0.132138, 0.571934, 
32, 31.250000, 0.820000, 13.089000, 0.217443, 0.319853, 0.054509, 0.131713, 0.569481, 
33, 30.303030, 0.820000, 13.501200, 0.212570, 0.317985, 0.049884, 0.133062, 0.573211, 
34, 29.411765, 0.820000, 13.903600, 0.206226, 0.319448, 0.050652, 0.132506, 0.572216, 
35, 28.571429, 0.820000, 14.312200, 0.200110, 0.316369, 0.052213, 0.131181, 0.572149, 
36, 27.777778, 0.820000, 14.725400, 0.192402, 0.319254, 0.052899, 0.129782, 0.573775, 
37, 27.027027, 0.820000, 15.128700, 0.190240, 0.315928, 0.051718, 0.129705, 0.568815, 
38, 26.315789, 0.820000, 15.541400, 0.185056, 0.317083, 0.052457, 0.133813, 0.570216, 
39, 25.641026, 0.820000, 15.944300, 0.179710, 0.321390, 0.052213, 0.135061, 0.570334, 
40, 25.000000, 0.820000, 16.357200, 0.175478, 0.317427, 0.053365, 0.133154, 0.570803, 
41, 24.390244, 0.820000, 16.760900, 0.173523, 0.317934, 0.052725, 0.134752, 0.570221, 
42, 23.809524, 0.820000, 17.175000, 0.168277, 0.318498, 0.049125, 0.136039, 0.569926, 
43, 23.255814, 0.820000, 17.576900, 0.166736, 0.319364, 0.048060, 0.136763, 0.569892, 
44, 22.727273, 0.820000, 17.990300, 0.160983, 0.317890, 0.048982, 0.137240, 0.571403, 
45, 22.222222, 0.820000, 18.391900, 0.159937, 0.315938, 0.052861, 0.133897, 0.569812, 
46, 21.739130, 0.820000, 18.804900, 0.153009, 0.316261, 0.053715, 0.137727, 0.567904, 
47, 21.276596, 0.820000, 19.210100, 0.154175, 0.315456, 0.050158, 0.134410, 0.570760, 
48, 20.833333, 0.820000, 19.616600, 0.148016, 0.317574, 0.045415, 0.133473, 0.569009, 
49, 20.408163, 0.820000, 20.029900, 0.149748, 0.316648, 0.049237, 0.130345, 0.570482, 
22, 45.454545, 0.810000, 9.013000, 0.292300, 0.320720, 0.051263, 0.132231, 0.577423, 
23, 43.478261, 0.810000, 9.415500, 0.277464, 0.321563, 0.051040, 0.133982, 0.573770, 
24, 41.666667, 0.810000, 9.828400, 0.267501, 0.320600, 0.049078, 0.131307, 0.574474, 
25, 40.000000, 0.810000, 10.231900, 0.262155, 0.319505, 0.052154, 0.134123, 0.574537, 
26, 38.461538, 0.810000, 10.640000, 0.254691, 0.318823, 0.053702, 0.133536, 0.573869, 
27, 37.037037, 0.810000, 11.048400, 0.241812, 0.316976, 0.050919, 0.130766, 0.575697, 
28, 35.714286, 0.810000, 11.455900, 0.232365, 0.315926, 0.052795, 0.134485, 0.576659, 
29, 34.482759, 0.810000, 11.868700, 0.224913, 0.316270, 0.053378, 0.132728, 0.572095, 
30, 33.333333, 0.810000, 12.277300, 0.219694, 0.317233, 0.052039, 0.132833, 0.571705, 
31, 32.258065, 0.810000, 12.685500, 0.217099, 0.319884, 0.050955, 0.133007, 0.571292, 
32, 31.250000, 0.810000, 13.088100, 0.211704, 0.317124, 0.052394, 0.135439, 0.571421, 
33, 30.303030, 0.810000, 13.501200, 0.208098, 0.320075, 0.050336, 0.134106, 0.572072, 
34, 29.411765, 0.810000, 13.904800, 0.202805, 0.314873, 0.051398, 0.138067, 0.572191, 
35, 28.571429, 0.810000, 14.312300, 0.195087, 0.318055, 0.051162, 0.135792, 0.571095, 
36, 27.777778, 0.810000, 14.720400, 0.190423, 0.316749, 0.049280, 0.138443, 0.573651, 
37, 27.027027, 0.810000, 15.133500, 0.184616, 0.319072, 0.048668, 0.134010, 0.569356, 
38, 26.315789, 0.810000, 15.535700, 0.178839, 0.316576, 0.046942, 0.133026, 0.570917, 
39, 25.641026, 0.810000, 15.943900, 0.176253, 0.317996, 0.052650, 0.133926, 0.571978, 
40, 25.000000, 0.810000, 16.351700, 0.169120, 0.317840, 0.050714, 0.131551, 0.572670, 
41, 24.390244, 0.810000, 16.759600, 0.166657, 0.318248, 0.048399, 0.136114, 0.569520, 
42, 23.809524, 0.810000, 17.173300, 0.163597, 0.315354, 0.048749, 0.132729, 0.569315, 
43, 23.255814, 0.810000, 17.576200, 0.160638, 0.318915, 0.049668, 0.132263, 0.570691, 
44, 22.727273, 0.810000, 17.990600, 0.157368, 0.319876, 0.049813, 0.133049, 0.571347, 
45, 22.222222, 0.810000, 18.397300, 0.152326, 0.314926, 0.050049, 0.135882, 0.568447, 
46, 21.739130, 0.810000, 18.800200, 0.151516, 0.312552, 0.052232, 0.138323, 0.569299, 
47, 21.276596, 0.810000, 19.213200, 0.149499, 0.316149, 0.052119, 0.135194, 0.571796, 
48, 20.833333, 0.810000, 19.615600, 0.148696, 0.315760, 0.050341, 0.134980, 0.572203, 
49, 20.408163, 0.810000, 20.028300, 0.145724, 0.314035, 0.053467, 0.134669, 0.568831, 
22, 45.454545, 0.800000, 9.013200, 0.286440, 0.316970, 0.050171, 0.135186, 0.575761, 
23, 43.478261, 0.800000, 9.420900, 0.270652, 0.316090, 0.049265, 0.131550, 0.576702, 
24, 41.666667, 0.800000, 9.829500, 0.266185, 0.317937, 0.054247, 0.133125, 0.574627, 
25, 40.000000, 0.800000, 10.236200, 0.256894, 0.320316, 0.052870, 0.133047, 0.574032, 
26, 38.461538, 0.800000, 10.642700, 0.245187, 0.320624, 0.051956, 0.132120, 0.572346, 
27, 37.037037, 0.800000, 11.048200, 0.236982, 0.319444, 0.052132, 0.132483, 0.574753, 
28, 35.714286, 0.800000, 11.461400, 0.228859, 0.317935, 0.052675, 0.137108, 0.572083, 
29, 34.482759, 0.800000, 11.868900, 0.220320, 0.317690, 0.048814, 0.132913, 0.571553, 
30, 33.333333, 0.800000, 12.273000, 0.216529, 0.317888, 0.049634, 0.136662, 0.573719, 
31, 32.258065, 0.800000, 12.685900, 0.213533, 0.320303, 0.050142, 0.129325, 0.573355, 
32, 31.250000, 0.800000, 13.092700, 0.208593, 0.319658, 0.049703, 0.127435, 0.576470, 
33, 30.303030, 0.800000, 13.500600, 0.203800, 0.318608, 0.055122, 0.131712, 0.573707, 
34, 29.411765, 0.800000, 13.908900, 0.194155, 0.317312, 0.049592, 0.127599, 0.571267, 
35, 28.571429, 0.800000, 14.317400, 0.192059, 0.317738, 0.052879, 0.129390, 0.573962, 
36, 27.777778, 0.800000, 14.724800, 0.183625, 0.317824, 0.050841, 0.134654, 0.568352, 
37, 27.027027, 0.800000, 15.133100, 0.178424, 0.319213, 0.051832, 0.132040, 0.570678, 
38, 26.315789, 0.800000, 15.536100, 0.173188, 0.317111, 0.051758, 0.132137, 0.570281, 
39, 25.641026, 0.800000, 15.944800, 0.170666, 0.319466, 0.051778, 0.132330, 0.572065, 
40, 25.000000, 0.800000, 16.357500, 0.168479, 0.318384, 0.053402, 0.131350, 0.568402, 
41, 24.390244, 0.800000, 16.759900, 0.165500, 0.314319, 0.055106, 0.133328, 0.567264, 
42, 23.809524, 0.800000, 17.176600, 0.158371, 0.317925, 0.053435, 0.126681, 0.570074, 
43, 23.255814, 0.800000, 17.581100, 0.158167, 0.317758, 0.050664, 0.132447, 0.573363, 
44, 22.727273, 0.800000, 17.984900, 0.155344, 0.318967, 0.048780, 0.133242, 0.570200, 
45, 22.222222, 0.800000, 18.397500, 0.149415, 0.317521, 0.050788, 0.133000, 0.568203, 
46, 21.739130, 0.800000, 18.800500, 0.149426, 0.316347, 0.050425, 0.136265, 0.570118, 
47, 21.276596, 0.800000, 19.208800, 0.147492, 0.317262, 0.053939, 0.132572, 0.570353, 
48, 20.833333, 0.800000, 19.616000, 0.144749, 0.318562, 0.046706, 0.136269, 0.569754, 
49, 20.408163, 0.800000, 20.029100, 0.142333, 0.315692, 0.049451, 0.135304, 0.569224, 
24, 41.666667, 0.790000, 9.824300, 0.262416, 0.317898, 0.051369, 0.129966, 0.577838, 
25, 40.000000, 0.790000, 10.232500, 0.250874, 0.317332, 0.051524, 0.133951, 0.572870, 
26, 38.461538, 0.790000, 10.640800, 0.240873, 0.318467, 0.052778, 0.130524, 0.575974, 
27, 37.037037, 0.790000, 11.052300, 0.231003, 0.319452, 0.052409, 0.128493, 0.572114, 
28, 35.714286, 0.790000, 11.455700, 0.226552, 0.318203, 0.053040, 0.132432, 0.575446, 
29, 34.482759, 0.790000, 11.868000, 0.215820, 0.316030, 0.050963, 0.131662, 0.574754, 
30, 33.333333, 0.790000, 12.277900, 0.211345, 0.320809, 0.050800, 0.130065, 0.574421, 
31, 32.258065, 0.790000, 12.679900, 0.205968, 0.317648, 0.052836, 0.134478, 0.574279, 
32, 31.250000, 0.790000, 13.093300, 0.203357, 0.321425, 0.053282, 0.130532, 0.568345, 
33, 30.303030, 0.790000, 13.496400, 0.197111, 0.318133, 0.052680, 0.134266, 0.567873, 
34, 29.411765, 0.790000, 13.904200, 0.193117, 0.317123, 0.049208, 0.133789, 0.570390, 
35, 28.571429, 0.790000, 14.312300, 0.184494, 0.317324, 0.047771, 0.132682, 0.570670, 
36, 27.777778, 0.790000, 14.720100, 0.181407, 0.319263, 0.054826, 0.130941, 0.574253, 
37, 27.027027, 0.790000, 15.133000, 0.177068, 0.314788, 0.053399, 0.131526, 0.571597, 
38, 26.315789, 0.790000, 15.541000, 0.171854, 0.319115, 0.047721, 0.130414, 0.570670, 
39, 25.641026, 0.790000, 15.944300, 0.167604, 0.317883, 0.050570, 0.131081, 0.571084, 
40, 25.000000, 0.790000, 16.352300, 0.166865, 0.317589, 0.049983, 0.133565, 0.570771, 
41, 24.390244, 0.790000, 16.765200, 0.162077, 0.315664, 0.051635, 0.131324, 0.571630, 
42, 23.809524, 0.790000, 17.173000, 0.157500, 0.319467, 0.054911, 0.131612, 0.570211, 
43, 23.255814, 0.790000, 17.576200, 0.155273, 0.322690, 0.051983, 0.126459, 0.570563, 
44, 22.727273, 0.790000, 17.985300, 0.151604, 0.320517, 0.051696, 0.127171, 0.569789, 
45, 22.222222, 0.790000, 18.398000, 0.146332, 0.317241, 0.050250, 0.131546, 0.568998, 
46, 21.739130, 0.790000, 18.805500, 0.145723, 0.317157, 0.053547, 0.128569, 0.568996, 
47, 21.276596, 0.790000, 19.212900, 0.146042, 0.316739, 0.050075, 0.133403, 0.573235, 
48, 20.833333, 0.790000, 19.621000, 0.142670, 0.316899, 0.051936, 0.132578, 0.570552, 
49, 20.408163, 0.790000, 20.025500, 0.137681, 0.315795, 0.049296, 0.131562, 0.570199, 
25, 40.000000, 0.780000, 10.232000, 0.244225, 0.314093, 0.048981, 0.130406, 0.577773, 
26, 38.461538, 0.780000, 10.640200, 0.232284, 0.321127, 0.050880, 0.132722, 0.575535, 
27, 37.037037, 0.780000, 11.048400, 0.226647, 0.316728, 0.052064, 0.132436, 0.575186, 
28, 35.714286, 0.780000, 11.454900, 0.216387, 0.320172, 0.053388, 0.135465, 0.578238, 
29, 34.482759, 0.780000, 11.869100, 0.213141, 0.316108, 0.056213, 0.133667, 0.570283, 
30, 33.333333, 0.780000, 12.272400, 0.208252, 0.317012, 0.054248, 0.131267, 0.574423, 
31, 32.258065, 0.780000, 12.679500, 0.205093, 0.319252, 0.057265, 0.130552, 0.574450, 
32, 31.250000, 0.780000, 13.093200, 0.197981, 0.316633, 0.053291, 0.128969, 0.568972, 
33, 30.303030, 0.780000, 13.496400, 0.191200, 0.319678, 0.049546, 0.130921, 0.570156, 
34, 29.411765, 0.780000, 13.904300, 0.185338, 0.319587, 0.055396, 0.133078, 0.570605, 
35, 28.571429, 0.780000, 14.311300, 0.183469, 0.317710, 0.053587, 0.133670, 0.571696, 
36, 27.777778, 0.780000, 14.725100, 0.175102, 0.319934, 0.053972, 0.128801, 0.570034, 
37, 27.027027, 0.780000, 15.128400, 0.171086, 0.315579, 0.053090, 0.135543, 0.572185, 
38, 26.315789, 0.780000, 15.541300, 0.169423, 0.318857, 0.054662, 0.127987, 0.570426, 
39, 25.641026, 0.780000, 15.944500, 0.164069, 0.316686, 0.052659, 0.128426, 0.569818, 
40, 25.000000, 0.780000, 16.356300, 0.161076, 0.317269, 0.051139, 0.132631, 0.569098, 
41, 24.390244, 0.780000, 16.765500, 0.158755, 0.318540, 0.051926, 0.129588, 0.573023, 
42, 23.809524, 0.780000, 17.167900, 0.153003, 0.318790, 0.050310, 0.131741, 0.570306, 
43, 23.255814, 0.780000, 17.580800, 0.150478, 0.318291, 0.050695, 0.133918, 0.570621, 
44, 22.727273, 0.780000, 17.985100, 0.147675, 0.316606, 0.050604, 0.130679, 0.569208, 
45, 22.222222, 0.780000, 18.397400, 0.146455, 0.317275, 0.051609, 0.134420, 0.571274, 
46, 21.739130, 0.780000, 18.805400, 0.143109, 0.315939, 0.052164, 0.133223, 0.568327, 
47, 21.276596, 0.780000, 19.207500, 0.141563, 0.316261, 0.047821, 0.131461, 0.570930, 
48, 20.833333, 0.780000, 19.615700, 0.136913, 0.314021, 0.051214, 0.129644, 0.570919, 
49, 20.408163, 0.780000, 20.024600, 0.135776, 0.317195, 0.053370, 0.130993, 0.571574, 
26, 38.461538, 0.770000, 10.644900, 0.228172, 0.320438, 0.052158, 0.131413, 0.575032, 
27, 37.037037, 0.770000, 11.048500, 0.218814, 0.318874, 0.053998, 0.132382, 0.572614, 
28, 35.714286, 0.770000, 11.456500, 0.213252, 0.317479, 0.052038, 0.136776, 0.574004, 
29, 34.482759, 0.770000, 11.869200, 0.208486, 0.318725, 0.052518, 0.129976, 0.574338, 
30, 33.333333, 0.770000, 12.272200, 0.204072, 0.317530, 0.049958, 0.135031, 0.570132, 
31, 32.258065, 0.770000, 12.679600, 0.198629, 0.320839, 0.053575, 0.129864, 0.571953, 
32, 31.250000, 0.770000, 13.087500, 0.191298, 0.316973, 0.052182, 0.131922, 0.574150, 
33, 30.303030, 0.770000, 13.500500, 0.189577, 0.317012, 0.052294, 0.133330, 0.571384, 
34, 29.411765, 0.770000, 13.909300, 0.181515, 0.316485, 0.050057, 0.131506, 0.569883, 
35, 28.571429, 0.770000, 14.311900, 0.175358, 0.317302, 0.054246, 0.131655, 0.571911, 
36, 27.777778, 0.770000, 14.723200, 0.171106, 0.315266, 0.051707, 0.133179, 0.571063, 
37, 27.027027, 0.770000, 15.133800, 0.167720, 0.320228, 0.049508, 0.135576, 0.570946, 
38, 26.315789, 0.770000, 15.535900, 0.164472, 0.316221, 0.049113, 0.130407, 0.572866, 
39, 25.641026, 0.770000, 15.945100, 0.157729, 0.318181, 0.045065, 0.130374, 0.569226, 
40, 25.000000, 0.770000, 16.356700, 0.155330, 0.320560, 0.051700, 0.131061, 0.572347, 
41, 24.390244, 0.770000, 16.764300, 0.153077, 0.316027, 0.052314, 0.131438, 0.573126, 
42, 23.809524, 0.770000, 17.171800, 0.149525, 0.315318, 0.053320, 0.134755, 0.572240, 
43, 23.255814, 0.770000, 17.581700, 0.147429, 0.316122, 0.052072, 0.130542, 0.569041, 
44, 22.727273, 0.770000, 17.989500, 0.144262, 0.317154, 0.052779, 0.131248, 0.567323, 
45, 22.222222, 0.770000, 18.397200, 0.142309, 0.315079, 0.052294, 0.130017, 0.570257, 
46, 21.739130, 0.770000, 18.805300, 0.139157, 0.318583, 0.054430, 0.132192, 0.568592, 
47, 21.276596, 0.770000, 19.208100, 0.136859, 0.314560, 0.050914, 0.133737, 0.568975, 
48, 20.833333, 0.770000, 19.621800, 0.135889, 0.316202, 0.049949, 0.133882, 0.568600, 
49, 20.408163, 0.770000, 20.030600, 0.132309, 0.319328, 0.053706, 0.132628, 0.568990, 
27, 37.037037, 0.760000, 11.048100, 0.215821, 0.319954, 0.051452, 0.133317, 0.572405, 
28, 35.714286, 0.760000, 11.456700, 0.208291, 0.318879, 0.052634, 0.133685, 0.573638, 
29, 34.482759, 0.760000, 11.864000, 0.203614, 0.317883, 0.050366, 0.128695, 0.575884, 
30, 33.333333, 0.760000, 12.272300, 0.200317, 0.320027, 0.054472, 0.134720, 0.574575, 
31, 32.258065, 0.760000, 12.680600, 0.194193, 0.320525, 0.052362, 0.132127, 0.570748, 
32, 31.250000, 0.760000, 13.093700, 0.187862, 0.317009, 0.053218, 0.133461, 0.574197, 
33, 30.303030, 0.760000, 13.496300, 0.181520, 0.313402, 0.052890, 0.134025, 0.573351, 
34, 29.411765, 0.760000, 13.908900, 0.176756, 0.316776, 0.052671, 0.133427, 0.572859, 
35, 28.571429, 0.760000, 14.317000, 0.171990, 0.317256, 0.054571, 0.132924, 0.570792, 
36, 27.777778, 0.760000, 14.725200, 0.167397, 0.319712, 0.054085, 0.132320, 0.570366, 
37, 27.027027, 0.760000, 15.128000, 0.162805, 0.316431, 0.051267, 0.133434, 0.571417, 
38, 26.315789, 0.760000, 15.541100, 0.161594, 0.314566, 0.053926, 0.134852, 0.569276, 
39, 25.641026, 0.760000, 15.949000, 0.156901, 0.315173, 0.053825, 0.135291, 0.573240, 
40, 25.000000, 0.760000, 16.352000, 0.153557, 0.314535, 0.053550, 0.133435, 0.570493, 
41, 24.390244, 0.760000, 16.765400, 0.151888, 0.320319, 0.048300, 0.135650, 0.572031, 
42, 23.809524, 0.760000, 17.169100, 0.146260, 0.318077, 0.052230, 0.131077, 0.567775, 
43, 23.255814, 0.760000, 17.576600, 0.143504, 0.317629, 0.053306, 0.129141, 0.569282, 
44, 22.727273, 0.760000, 17.989600, 0.140550, 0.318636, 0.049251, 0.137176, 0.567530, 
45, 22.222222, 0.760000, 18.398000, 0.139225, 0.319138, 0.052572, 0.134017, 0.567326, 
46, 21.739130, 0.760000, 18.801800, 0.137125, 0.315700, 0.048999, 0.132721, 0.572729, 
47, 21.276596, 0.760000, 19.213800, 0.134424, 0.316642, 0.049470, 0.128677, 0.568059, 
48, 20.833333, 0.760000, 19.616100, 0.131437, 0.314436, 0.052338, 0.133009, 0.569132, 
49, 20.408163, 0.760000, 20.029700, 0.128455, 0.315585, 0.051979, 0.131266, 0.571214, 
29, 34.482759, 0.750000, 11.863900, 0.199285, 0.319552, 0.051311, 0.128015, 0.573455, 
30, 33.333333, 0.750000, 12.271800, 0.194583, 0.319026, 0.050810, 0.133658, 0.572636, 
31, 32.258065, 0.750000, 12.680400, 0.187773, 0.318340, 0.049476, 0.131354, 0.572156, 
32, 31.250000, 0.750000, 13.088000, 0.182743, 0.317319, 0.048668, 0.132846, 0.575193, 
33, 30.303030, 0.750000, 13.496100, 0.176052, 0.317825, 0.051185, 0.134229, 0.571512, 
34, 29.411765, 0.750000, 13.909300, 0.172825, 0.316382, 0.050948, 0.134053, 0.571908, 
35, 28.571429, 0.750000, 14.317700, 0.167670, 0.315376, 0.050928, 0.136100, 0.571738, 
36, 27.777778, 0.750000, 14.720900, 0.167138, 0.318489, 0.050019, 0.130675, 0.573990, 
37, 27.027027, 0.750000, 15.128200, 0.161461, 0.319477, 0.051411, 0.132020, 0.567437, 
38, 26.315789, 0.750000, 15.541000, 0.157914, 0.320391, 0.049175, 0.133099, 0.572709, 
39, 25.641026, 0.750000, 15.949200, 0.152104, 0.317551, 0.049508, 0.135255, 0.570203, 
40, 25.000000, 0.750000, 16.352100, 0.150506, 0.315513, 0.050901, 0.132044, 0.569711, 
41, 24.390244, 0.750000, 16.765000, 0.146239, 0.318205, 0.050867, 0.129683, 0.571695, 
42, 23.809524, 0.750000, 17.168300, 0.143216, 0.316226, 0.047794, 0.133707, 0.570238, 
43, 23.255814, 0.750000, 17.581000, 0.141988, 0.319942, 0.055452, 0.130975, 0.568549, 
44, 22.727273, 0.750000, 17.990300, 0.138316, 0.316085, 0.049174, 0.131587, 0.570508, 
45, 22.222222, 0.750000, 18.392000, 0.137255, 0.317049, 0.053529, 0.136204, 0.572597, 
46, 21.739130, 0.750000, 18.800500, 0.132956, 0.314793, 0.047643, 0.130572, 0.569356, 
47, 21.276596, 0.750000, 19.213600, 0.131301, 0.320165, 0.050948, 0.132715, 0.570588, 
48, 20.833333, 0.750000, 19.621200, 0.129243, 0.318508, 0.051793, 0.131571, 0.569292, 
49, 20.408163, 0.750000, 20.024000, 0.127355, 0.316943, 0.051819, 0.137787, 0.569932, 
31, 32.258065, 0.740000, 12.680100, 0.183579, 0.318448, 0.054952, 0.134778, 0.572683, 
32, 31.250000, 0.740000, 13.089000, 0.179636, 0.319078, 0.052002, 0.131819, 0.572304, 
33, 30.303030, 0.740000, 13.501000, 0.172140, 0.316962, 0.052370, 0.136345, 0.570328, 
34, 29.411765, 0.740000, 13.904200, 0.168001, 0.316143, 0.053014, 0.127122, 0.572073, 
35, 28.571429, 0.740000, 14.312300, 0.164462, 0.320030, 0.053416, 0.134174, 0.572671, 
36, 27.777778, 0.740000, 14.725300, 0.161773, 0.315174, 0.049347, 0.129900, 0.571271, 
37, 27.027027, 0.740000, 15.134600, 0.155151, 0.316511, 0.055399, 0.129819, 0.571018, 
38, 26.315789, 0.740000, 15.536400, 0.152417, 0.314180, 0.051050, 0.133723, 0.570951, 
39, 25.641026, 0.740000, 15.950100, 0.151315, 0.318447, 0.050409, 0.134935, 0.570756, 
40, 25.000000, 0.740000, 16.352200, 0.146268, 0.317753, 0.054574, 0.133583, 0.568028, 
41, 24.390244, 0.740000, 16.765400, 0.144574, 0.320731, 0.058188, 0.131532, 0.568876, 
42, 23.809524, 0.740000, 17.172400, 0.139303, 0.315370, 0.052325, 0.129733, 0.570406, 
43, 23.255814, 0.740000, 17.581700, 0.137251, 0.313535, 0.048187, 0.130893, 0.571352, 
44, 22.727273, 0.740000, 17.983900, 0.135062, 0.316815, 0.052993, 0.135875, 0.571161, 
45, 22.222222, 0.740000, 18.392100, 0.132667, 0.315461, 0.049098, 0.133969, 0.569264, 
46, 21.739130, 0.740000, 18.800200, 0.128298, 0.316482, 0.051038, 0.132650, 0.571094, 
47, 21.276596, 0.740000, 19.212800, 0.129093, 0.316289, 0.055767, 0.132737, 0.569720, 
48, 20.833333, 0.740000, 19.618400, 0.126610, 0.314894, 0.049942, 0.132326, 0.569047, 
49, 20.408163, 0.740000, 20.031100, 0.121101, 0.316326, 0.054197, 0.130011, 0.570303, 
33, 30.303030, 0.730000, 13.496800, 0.168075, 0.315495, 0.052082, 0.133366, 0.572282, 
34, 29.411765, 0.730000, 13.904300, 0.165505, 0.316700, 0.051178, 0.131560, 0.572416, 
35, 28.571429, 0.730000, 14.311700, 0.162385, 0.319862, 0.053226, 0.130013, 0.574799, 
36, 27.777778, 0.730000, 14.720200, 0.157174, 0.317416, 0.054587, 0.134258, 0.571625, 
37, 27.027027, 0.730000, 15.134100, 0.156121, 0.317095, 0.049161, 0.133419, 0.568666, 
38, 26.315789, 0.730000, 15.543600, 0.148895, 0.315789, 0.055173, 0.130757, 0.572763, 
39, 25.641026, 0.730000, 15.949600, 0.146476, 0.317295, 0.048581, 0.133852, 0.569738, 
40, 25.000000, 0.730000, 16.352400, 0.143133, 0.316433, 0.051522, 0.136682, 0.570828, 
41, 24.390244, 0.730000, 16.760600, 0.141365, 0.316684, 0.052487, 0.136067, 0.571366, 
42, 23.809524, 0.730000, 17.168600, 0.138298, 0.319393, 0.051777, 0.134023, 0.571215, 
43, 23.255814, 0.730000, 17.576600, 0.135955, 0.315601, 0.051353, 0.133467, 0.573202, 
44, 22.727273, 0.730000, 17.989900, 0.133042, 0.314035, 0.052848, 0.133653, 0.569617, 
45, 22.222222, 0.730000, 18.397400, 0.131731, 0.314179, 0.052436, 0.132690, 0.568205, 
46, 21.739130, 0.730000, 18.799800, 0.126887, 0.315486, 0.052037, 0.134881, 0.569246, 
47, 21.276596, 0.730000, 19.213700, 0.125184, 0.316522, 0.050447, 0.133993, 0.571881, 
48, 20.833333, 0.730000, 19.621300, 0.121841, 0.319025, 0.046809, 0.133405, 0.570793, 
49, 20.408163, 0.730000, 20.024800, 0.119593, 0.316790, 0.049480, 0.131251, 0.573348, 
35, 28.571429, 0.720000, 14.316600, 0.156871, 0.318739, 0.050248, 0.134645, 0.571727, 
36, 27.777778, 0.720000, 14.725700, 0.153865, 0.319076, 0.052091, 0.134087, 0.570248, 
37, 27.027027, 0.720000, 15.129300, 0.149439, 0.315734, 0.051423, 0.130109, 0.572032, 
38, 26.315789, 0.720000, 15.541600, 0.148898, 0.313448, 0.051786, 0.130382, 0.568128, 
39, 25.641026, 0.720000, 15.943900, 0.144066, 0.316311, 0.050006, 0.134955, 0.570529, 
40, 25.000000, 0.720000, 16.352600, 0.142072, 0.318157, 0.053068, 0.134625, 0.571976, 
41, 24.390244, 0.720000, 16.761500, 0.136954, 0.314978, 0.052825, 0.131977, 0.572716, 
42, 23.809524, 0.720000, 17.172000, 0.134554, 0.317789, 0.054529, 0.134497, 0.570085, 
43, 23.255814, 0.720000, 17.581200, 0.131048, 0.314046, 0.051622, 0.132725, 0.570928, 
44, 22.727273, 0.720000, 17.989100, 0.131781, 0.315572, 0.057189, 0.135138, 0.571183, 
45, 22.222222, 0.720000, 18.391600, 0.125711, 0.316839, 0.053852, 0.134051, 0.571143, 
46, 21.739130, 0.720000, 18.800700, 0.125359, 0.315964, 0.046417, 0.136069, 0.569854, 
47, 21.276596, 0.720000, 19.213200, 0.122546, 0.314569, 0.049295, 0.129751, 0.571104, 
48, 20.833333, 0.720000, 19.622000, 0.118900, 0.320647, 0.050844, 0.136229, 0.572662, 
49, 20.408163, 0.720000, 20.023800, 0.117552, 0.317648, 0.050233, 0.134895, 0.570934, 
38, 26.315789, 0.710000, 15.536800, 0.142542, 0.317054, 0.050785, 0.129212, 0.571423, 
39, 25.641026, 0.710000, 15.956500, 0.139559, 0.317680, 0.049845, 0.132959, 0.571288, 
40, 25.000000, 0.710000, 16.352600, 0.136147, 0.316346, 0.050027, 0.134231, 0.571890, 
41, 24.390244, 0.710000, 16.765500, 0.133152, 0.319331, 0.051256, 0.133500, 0.569136, 
42, 23.809524, 0.710000, 17.167800, 0.129659, 0.317480, 0.053406, 0.132827, 0.571354, 
43, 23.255814, 0.710000, 17.575600, 0.131448, 0.315898, 0.050984, 0.133455, 0.569117, 
44, 22.727273, 0.710000, 17.989000, 0.125566, 0.314660, 0.052069, 0.131841, 0.570193, 
45, 22.222222, 0.710000, 18.396400, 0.123808, 0.314827, 0.048307, 0.133851, 0.567450, 
46, 21.739130, 0.710000, 18.805600, 0.121132, 0.318013, 0.051483, 0.127672, 0.570707, 
47, 21.276596, 0.710000, 19.214200, 0.119221, 0.317008, 0.053943, 0.131971, 0.567627, 
48, 20.833333, 0.710000, 19.616200, 0.116797, 0.313513, 0.051420, 0.136371, 0.568244, 
49, 20.408163, 0.710000, 20.029300, 0.113543, 0.319470, 0.052627, 0.132674, 0.572419, 
41, 24.390244, 0.700000, 16.764500, 0.132223, 0.319477, 0.048748, 0.135027, 0.569019, 
42, 23.809524, 0.700000, 17.175700, 0.128651, 0.312513, 0.048961, 0.128280, 0.572429, 
43, 23.255814, 0.700000, 17.580500, 0.125480, 0.314461, 0.048691, 0.132940, 0.567992, 
44, 22.727273, 0.700000, 17.992400, 0.124371, 0.317024, 0.050849, 0.130865, 0.572896, 
45, 22.222222, 0.700000, 18.392100, 0.121324, 0.316233, 0.048244, 0.129738, 0.569619, 
46, 21.739130, 0.700000, 18.805100, 0.118884, 0.317516, 0.048426, 0.130115, 0.569930, 
47, 21.276596, 0.700000, 19.213600, 0.117109, 0.320742, 0.054587, 0.131998, 0.567574, 
48, 20.833333, 0.700000, 19.622500, 0.112921, 0.316924, 0.054461, 0.134759, 0.568228, 
49, 20.408163, 0.700000, 20.030200, 0.111556, 0.319435, 0.051235, 0.131127, 0.570344, 
45, 22.222222, 0.690000, 18.397900, 0.118529, 0.317346, 0.050693, 0.137597, 0.570990, 
